"","Date","ETH_Price","ETH_Returns","Trading_Volume","Inflow_Volume"
"1",2017-10-01,303.95,NA,1511264.71,5161215.84430819
"2",2017-10-02,296.5,-0.0248159957569509,1104217.48,6255813.85396043
"3",2017-10-03,292.48,-0.0136509301719947,1614235.08,6245934.52852705
"4",2017-10-04,291.99,-0.00167673315927352,1168807.66,6017672.77351048
"5",2017-10-05,294.81,0.00961152593593262,982644.49,4522643.56687668
"6",2017-10-06,310.8,0.0528185374510475,1054697,3202867.89005453
"7",2017-10-07,311.01,0.000675447509638438,658190.78,2034393.65358965
"8",2017-10-08,311.07,0.000192901235165799,921220.96,4758808.7115981
"9",2017-10-09,297.19,-0.0456463023362828,1452816.74,5375213.87037376
"10",2017-10-10,298.64,0.00486716970431456,2011440.17,3110690.82550399
"11",2017-10-11,304.01,0.0178217609957159,1122578.04,6079400.26357775
"12",2017-10-12,303.99,-6.57894737079445e-05,2381102.13,4597000.7083618
"13",2017-10-13,337.96,0.105932739156308,5782386.5,6591890.91194542
"14",2017-10-14,342,0.0118831917779607,2644022.46,6384209.34834686
"15",2017-10-15,337.96,-0.0118831917779607,3311218.81,5274497.02311638
"16",2017-10-16,335.19,-0.00823001005728763,2946408.58,3804875.9530166
"17",2017-10-17,315.19,-0.0615219036352341,2620614.96,4944915.46911707
"18",2017-10-18,309.7,-0.0175715446129656,3877210.96,1449352.54805345
"19",2017-10-19,308.66,-0.0033637395064714,2662555.18,5235280.02256041
"20",2017-10-20,304.51,-0.0135364201394825,2654276.53,2789748.37974117
"21",2017-10-21,298.94,-0.0184610429755345,2531002.63,6646748.00042397
"22",2017-10-22,293.79,-0.017377657956855,2113555.82,3561064.22664441
"23",2017-10-23,281.09,-0.0441903236497536,2720877.48,3274661.81163745
"24",2017-10-24,297.38,0.0563358795180173,4230858.49,4614452.26708752
"25",2017-10-25,294.49,-0.00976573561133431,2818151.89,5332327.83618994
"26",2017-10-26,294.71,0.000746775323231752,2290879.1,3929950.20501907
"27",2017-10-27,296.33,0.00548187620762874,1840292.6,6625916.50212196
"28",2017-10-28,291.87,-0.0151652005331568,1711301.74,886491.28579626
"29",2017-10-29,305,0.0440032789519655,2702954.94,5401590.35274875
"30",2017-10-30,307.25,0.00734997183873265,2725859.28,3814124.97957265
"31",2017-10-31,304.9,-0.00767789445193579,2344790.92,3383784.26023734
"32",2017-11-01,287.01,-0.0604667956360228,2938149.94,7120765.30281637
"33",2017-11-02,283.12,-0.0136462223209781,3736468.51,6536155.90478801
"34",2017-11-03,304.08,0.0714199886437852,2360525.71,8027591.18933014
"35",2017-11-04,298.04,-0.0200631189954663,2315342.78,4218355.21013111
"36",2017-11-05,295.53,-0.00845735114982915,1967164.34,4647879.50458526
"37",2017-11-06,297.97,0.00822245576108838,2218959.5,7427257.61760941
"38",2017-11-07,291.78,-0.020992716653037,2731426.72,5312154.43162089
"39",2017-11-08,303.02,0.0377987162879405,4729826.12,9417960.34989311
"40",2017-11-09,317.87,0.0478436842334835,3509086.96,9695768.05890551
"41",2017-11-10,293.5,-0.0797648548970216,4721270.61,9671324.82177971
"42",2017-11-11,310.02,0.0547591722589971,3256927.49,7558493.20953513
"43",2017-11-12,305.24,-0.0155384591057164,6276531.03,13231623.6546482
"44",2017-11-13,312.99,0.0250728887265552,4804508.58,14059677.8767528
"45",2017-11-14,335.61,0.0697785303789615,5682689.3,12007861.4554814
"46",2017-11-15,331.33,-0.0128349139512629,5116263.34,12084213.5714899
"47",2017-11-16,331.49,0.000482785682712539,4612016.7,15931255.3910584
"48",2017-11-17,331.23,-0.000784645139242812,5951281.48,15912623.8400064
"49",2017-11-18,346.66,0.045531474394009,4735608.57,12209667.8858938
"50",2017-11-19,354.15,0.0213760796864673,6853939.68,6344862.27562523
"51",2017-11-20,367.42,0.0367850556811593,6522412.41,13022989.8861123
"52",2017-11-21,362.12,-0.0145299592735517,9403802.37,16699653.7017347
"53",2017-11-22,380.65,0.0499046691449818,6582637.83,17323289.1884065
"54",2017-11-23,405,0.0620067493543175,9979407.1,22116283.2681542
"55",2017-11-24,469,0.14671570133974,12904066.22,27566591.4696
"56",2017-11-25,461.82,-0.0154275636719978,9825209.52,16779201.9684395
"57",2017-11-26,462.84,0.00220621723385506,9794537.68,18511646.5875624
"58",2017-11-27,472.31,0.0202541276530637,11092308.97,20577202.1317105
"59",2017-11-28,466.17,-0.0130851751944476,11077396.79,32400828.0204636
"60",2017-11-29,421.7,-0.100256213714238,23217199.77,22652901.1939125
"61",2017-11-30,427.43,0.0134963715269443,18862295.63,24241280.6551705
"62",2017-12-01,457.51,0.068008210120734,14317733.79,15932084.7136028
"63",2017-12-02,457.63,0.000262254957029029,11749838.63,18304078.1001772
"64",2017-12-03,460.3,0.00581745346597451,11328969.12,60895999.5661408
"65",2017-12-04,466.67,0.0137439189436774,10495993.46,19740648.1630607
"66",2017-12-05,452.26,-0.0313651340720256,11542893.64,29459026.2599307
"67",2017-12-06,411.01,-0.0956396905943615,16319473.42,32957047.3496232
"68",2017-12-07,406.33,-0.0114519077664204,16448315.18,26920330.6397432
"69",2017-12-08,442.56,0.0854104111423277,17138384.6,29486035.951393
"70",2017-12-09,460,0.0386504410067472,18959683.2,32786145.1209188
"71",2017-12-10,427.35,-0.0736231398711142,14810733.68,19783349.472843
"72",2017-12-11,508.7,0.174255102216692,13524545.46,15971104.7459819
"73",2017-12-12,620,0.197861026210418,32272500.99,83277011.3794693
"74",2017-12-13,683.99,0.0982238195935006,35464491.73,59450060.7007742
"75",2017-12-14,679.76,-0.00620350293735239,39405168.61,141037273.922499
"76",2017-12-15,674.95,-0.00710118064044973,25295708.27,93925391.7365768
"77",2017-12-16,682.81,0.0115780223352395,18224734.51,52518294.6580607
"78",2017-12-17,707.64,0.0357188534103372,21975505.95,64532302.7443841
"79",2017-12-18,784,0.102473530549995,32799947.57,133078372.869156
"80",2017-12-19,798,0.0176995770994015,55123972.02,131660073.736224
"81",2017-12-20,790.21,-0.00980986452854804,55604509.75,138988060.954535
"82",2017-12-21,782.41,-0.00991983309623823,62052521.65,133676722.80808
"83",2017-12-22,635.97,-0.207227507408752,98661808.48,204906221.817353
"84",2017-12-23,640.34,0.00684789287412357,53738833.88,93404662.8403291
"85",2017-12-24,658,0.0272056460349228,59101715.15,61477384.2055038
"86",2017-12-25,714.95,0.083007678853539,55108579.68,70639424.1678011
"87",2017-12-26,750,0.0478605963514998,44216631.9,69314628.2855325
"88",2017-12-27,739.89,-0.0135716800300942,38102246.99,71236861.9598646
"89",2017-12-28,707.89,-0.0442128121089187,50030889.11,112351975.176909
"90",2017-12-29,733.99,0.0362066901521638,46838775.82,120949785.720607
"91",2017-12-30,681.06,-0.0748449965482036,61752153.66,241068209.54814
"92",2017-12-31,733.98,0.0748313722915768,44570894.8,77666402.7317197
"93",2018-01-01,754.99,0.0282227238413162,40049370.59,139817235.670823
"94",2018-01-02,855.28,0.124724396577048,95749946.06,128293178.282809
"95",2018-01-03,934.03,0.0880796569221118,78173093.71,133360869.563269
"96",2018-01-04,940,0.00637131763669352,97740086.59,367672753.642773
"97",2018-01-05,959.3,0.020323976559852,95739901.48,171867902.343476
"98",2018-01-06,1004.11,0.04565300417931,71196052.34,114584336.994455
"99",2018-01-07,1123.09,0.111982237999507,70126945.17,222771046.232813
"100",2018-01-08,1133.18,0.0089440246627035,176599793.2,290196036.335195
"101",2018-01-09,1291,0.130389272181221,143246762.1,440539986.238833
"102",2018-01-10,1247,-0.034676445166606,210902815.5,248487710.259525
"103",2018-01-11,1138.93,-0.0906514415402269,230792205.9,279887793.91541
"104",2018-01-12,1253.87,0.0961455434175678,113367281.8,143255195.453414
"105",2018-01-13,1388.02,0.101643502627462,101824625.3,153279457.371769
"106",2018-01-14,1347,-0.0299983737744762,128517479.7,113790251.36522
"107",2018-01-15,1271,-0.0580759052209094,90732886.24,280426421.917761
"108",2018-01-16,1000,-0.239803992207317,355819297.5,176121264.713943
"109",2018-01-17,1000,0,398063123.7,402437738.871387
"110",2018-01-18,994,-0.00601807232556251,296964713.7,192050730.705819
"111",2018-01-19,1032.5,0.0380011181786131,171217738.3,81737874.668764
"112",2018-01-20,1152.75,0.110167346251628,137333158.1,11641003.4100634
"113",2018-01-21,1049,-0.0943130626905182,186353755.6,607216098.902123
"114",2018-01-22,993,-0.0548619443511242,185276703.4,107054543.192717
"115",2018-01-23,980,-0.0131780923805556,156053774.3,108595740.71313
"116",2018-01-24,1061,0.0794145669493656,135793371.3,102865352.264077
"117",2018-01-25,1056.52,-0.00423137130638285,127855243.2,137193875.486109
"118",2018-01-26,1051.03,-0.00520985259445084,150237011.3,356700813.534033
"119",2018-01-27,1118.99,0.0626558570083535,105043056.4,133298938.771444
"120",2018-01-28,1251.96,0.112283830546375,173283524.9,152806743.413536
"121",2018-01-29,1177.01,-0.0617329988669733,126282956.2,136239609.179201
"122",2018-01-30,1085.5,-0.0809366140825585,173857602.8,140692142.11688
"123",2018-01-31,1124.81,0.0355734221679507,109226169.4,114020239.408023
"124",2018-02-01,1041.94,-0.076529772404764,220810878.7,170144188.876599
"125",2018-02-02,922.3,-0.12196908883986,348077470.8,153476030.024486
"126",2018-02-03,971,0.0514559180496521,150132852.2,66125739.3083295
"127",2018-02-04,823.56,-0.164690061582782,163419119,66751793.8006087
"128",2018-02-05,697.92,-0.165531923695279,270801309.7,96867677.5554045
"129",2018-02-06,779.25,0.110227435634182,435291131,111372147.497693
"130",2018-02-07,754,-0.0329395506394903,282259408.7,63625708.1422254
"131",2018-02-08,781.66,0.0360274953832951,8110366.548,6759598.65970575
"132",2018-02-09,877,0.115087128980932,81316368.02,38092451.6820128
"133",2018-02-10,851.15,-0.0299186161116038,184921265,55620793.9072951
"134",2018-02-11,808.99,-0.0508018202179157,154647315,212188434.176483
"135",2018-02-12,866.66,0.0688601869615217,122610007.9,59501732.8016049
"136",2018-02-13,841.57,-0.0293775480439198,92966057.38,61504157.5928706
"137",2018-02-14,919.09,0.0881148551357089,133514830.9,77781687.3189071
"138",2018-02-15,924.55,0.0059230825570209,143817533.1,62464805.5463083
"139",2018-02-16,938.67,0.0151568470868861,107292023.6,43763688.3412291
"140",2018-02-17,969.99,0.0328217824260557,105637458.5,46034707.137706
"141",2018-02-18,911,-0.0627428649059789,149501060.9,42086518.07221
"142",2018-02-19,938.11,0.0293243156594976,75083849.38,34081740.2383633
"143",2018-02-20,882.99,-0.0605533374079368,111258170,31255290.5850262
"144",2018-02-21,835.89,-0.0548168500314548,151739403,58470155.7869317
"145",2018-02-22,801.49,-0.0420245301146531,112939926.7,28228934.4147433
"146",2018-02-23,851.6,0.060644437653913,130147658,57556599.3116632
"147",2018-02-24,833.94,-0.0209554756946027,75082869.27,39761141.3889072
"148",2018-02-25,841.19,0.00865609865380002,49520472.19,32185619.8739797
"149",2018-02-26,867.98,0.0313511169417158,64498089.2,111773420.506379
"150",2018-02-27,870.11,0.00245096751754481,55793476.98,60070279.539761
"151",2018-02-28,853.5,-0.0192740982032866,46744924.42,52629723.1155458
"152",2018-03-01,870.63,0.0198715452838014,37976139.75,52224266.7897533
"153",2018-03-02,856.28,-0.0166196620592753,34068626.38,56421378.8969213
"154",2018-03-03,856.02,-0.000303685104243279,29487108.37,40944470.381853
"155",2018-03-04,866.66,0.012353002649407,25364732.86,31631449.9823905
"156",2018-03-05,849.84,-0.0195986465324269,26391332.15,48126213.1757457
"157",2018-03-06,813.11,-0.0441816947233367,40340972.83,156012363.926961
"158",2018-03-07,749.9,-0.0809265374410781,83030975.9,97710609.1196314
"159",2018-03-08,695.46,-0.0753663671786349,55751521.78,48638012.1608906
"160",2018-03-09,723.71,0.0398172625282447,79262060.75,41084688.9994966
"161",2018-03-10,680.58,-0.0614453838579472,45345997.5,97768108.0030671
"162",2018-03-11,720.85,0.0574856954589062,51773437.87,11867600.0182561
"163",2018-03-12,697.11,-0.0334878537242815,48042091.35,1944070.97538294
"164",2018-03-13,689.94,-0.0103385802450022,38651705.85,122643319.031101
"165",2018-03-14,610.1,-0.122981759130822,57785217.49,73059467.1302163
"166",2018-03-15,608.83,-0.00208379555766136,56487242.01,47103575.8820214
"167",2018-03-16,599.05,-0.0161940155142375,39356556.47,38207324.0822637
"168",2018-03-17,546.95,-0.0909876765201085,39167671.25,31764463.0864609
"169",2018-03-18,537,-0.0183592960569348,125170992.1,30684094.4678932
"170",2018-03-19,556.88,0.0363516823515457,99812549.64,95426527.3088969
"171",2018-03-20,557,0.000215463066873589,73696454.56,9339426.17360763
"172",2018-03-21,559.17,0.00388830148453767,66572210.67,102526290.287006
"173",2018-03-22,539.92,-0.0350325609766706,60459505.61,49619587.9471672
"174",2018-03-23,543.03,0.00574358659141971,55542669.04,69322502.1383812
"175",2018-03-24,520.22,-0.0429127679998276,46963103.45,38915241.5230561
"176",2018-03-25,523.74,0.00674357894857014,37482165.18,35916497.4332491
"177",2018-03-26,485,-0.0768464870378303,74104022.13,50222667.8857616
"178",2018-03-27,448.5,-0.0782402094386327,63816245.43,55514314.1661129
"179",2018-03-28,446.67,-0.00408861456328147,40547475.95,38751452.30142
"180",2018-03-29,384,-0.151177514347842,91719449.93,50739268.4019023
"181",2018-03-30,392.43,0.0217156247805184,112316125.3,41624860.3341304
"182",2018-03-31,393.92,0.00378966562784377,67461541.59,30617993.296608
"183",2018-04-01,378.58,-0.039720431818016,56620178.35,34856689.1054387
"184",2018-04-02,385.05,0.0169457848071861,43596858.5,30731888.2897121
"185",2018-04-03,415.01,0.0749294203406681,55385110.15,33307503.8702071
"186",2018-04-04,378.16,-0.0929852298409459,54594624.76,26811936.4173131
"187",2018-04-05,381.22,0.00805924981594597,45411126.9,25109642.4937575
"188",2018-04-06,368.89,-0.0328781396829561,27645272.52,18343325.1909551
"189",2018-04-07,384.51,0.0414712997918709,27442723.66,27752363.068847
"190",2018-04-08,400.4,0.0404942510312232,22720923.55,27129273.4097416
"191",2018-04-09,399.44,-0.00240048124871173,61605245.87,25686932.877008
"192",2018-04-10,416.07,0.040789949144,32805764.1,28964276.9023212
"193",2018-04-11,429.52,0.0318147907779602,36371404.23,46038453.9956321
"194",2018-04-12,495.67,0.143242076604682,113968625.3,51573783.6494776
"195",2018-04-13,495.11,-0.001130422615784,127274585,48798550.6468229
"196",2018-04-14,502.68,0.0151738246437318,60727364.27,23088241.355819
"197",2018-04-15,533.88,0.0602173098590066,56506254.97,31545498.0595841
"198",2018-04-16,511.46,-0.0429017136406804,66652300.81,33429224.8956228
"199",2018-04-17,502.56,-0.0175543451749336,49273622.85,39922407.4175999
"200",2018-04-18,526.09,0.045757264972579,37673780.84,39365638.3016297
"201",2018-04-19,568.14,0.0768955664605482,61044208.32,64533805.0782105
"202",2018-04-20,617.09,0.0826470131432187,93907683.48,67184913.7753956
"203",2018-04-21,604.87,-0.0200013214580617,95664939.94,51113761.4866406
"204",2018-04-22,620.92,0.0261886902496213,74788729.85,38432428.2578388
"205",2018-04-23,645.09,0.0381875927871649,49473079.44,62565517.2865129
"206",2018-04-24,701.58,0.0839450924348748,118180314.7,87530032.0266821
"207",2018-04-25,618,-0.126846476922592,218497368.2,83906958.6215329
"208",2018-04-26,661.51,0.0680366431410313,98084636.58,71607329.3463845
"209",2018-04-27,643.46,-0.0276652355567171,89621495.42,70770943.88999
"210",2018-04-28,682.86,0.0594299954798485,76596615.43,66816377.7827008
"211",2018-04-29,690.85,0.0116328629808251,75235079.3,84604446.8055055
"212",2018-04-30,670.78,-0.0294815091441993,76654028.98,86996917.5711351
"213",2018-05-01,672,0.00181712616467067,87065924.85,72155422.6808849
"214",2018-05-02,688.56,0.0243441198180694,58547697.51,76480663.1941217
"215",2018-05-03,779,0.123408585529529,169982888.3,119801820.609189
"216",2018-05-04,785.99,0.00893302383121419,141283262.9,201159606.426619
"217",2018-05-05,819.5,0.0417503284819221,104594301.6,103050449.298815
"218",2018-05-06,794.3,-0.0312331745447985,132187629.5,79970958.6780998
"219",2018-05-07,752.49,-0.0540735161409005,210066185.3,25250891.6052617
"220",2018-05-08,748.99,-0.00466207520493978,101156197.3,128965008.845095
"221",2018-05-09,751.75,0.00367818957539257,82933836.45,100658533.318162
"222",2018-05-10,722.52,-0.0396587206042813,76658823.46,90398829.0154704
"223",2018-05-11,676.96,-0.0651329142925992,150336847.8,75983099.3300723
"224",2018-05-12,684.11,0.0105065364343,111101666.3,57552026.4326229
"225",2018-05-13,729.08,0.0636647419506753,96516164.98,44506553.8858667
"226",2018-05-14,727.49,-0.00218321211002603,131397089.1,79704485.3324005
"227",2018-05-15,704.91,-0.0315301181580834,91869541.84,55559959.3547193
"228",2018-05-16,706.29,0.0019557829363448,82315246.51,55874035.7659698
"229",2018-05-17,667.62,-0.0563067686273042,74320001.25,53532002.1126747
"230",2018-05-18,692.6,0.0367334825706571,72118376.52,47888431.810796
"231",2018-05-19,697,0.00633277879220273,62026599.81,47847055.2205342
"232",2018-05-20,716.16,0.0271181949229815,61227466.29,51519477.7582214
"233",2018-05-21,696.7,-0.0275487036474322,67799023.55,63712648.6370403
"234",2018-05-22,640.99,-0.0833410458611192,72112726.84,78089157.8355942
"235",2018-05-23,577.19,-0.104842354442643,155638543.8,87013427.2433996
"236",2018-05-24,602.18,0.0423849022061837,114324332.3,67745592.4719629
"237",2018-05-25,585.55,-0.0280048274503484,70118224.93,44676779.7090254
"238",2018-05-26,586,0.000768213088865544,46205282.69,38043617.2033315
"239",2018-05-27,570.4,-0.0269819204769259,55737244.52,46400368.1825891
"240",2018-05-28,511.5,-0.108990283708405,81950608.39,70706230.895933
"241",2018-05-29,567.36,0.103646437494161,103113233.7,55989047.3311297
"242",2018-05-30,557.19,-0.0180877280184824,68698935.18,48781816.5068057
"243",2018-05-31,577.81,0.036338800041662,57312700.87,50695625.8995596
"244",2018-06-01,579,0.00205738266397315,48334174.76,56850470.4395637
"245",2018-06-02,590.85,0.0202597005120291,47346968.13,45893195.743815
"246",2018-06-03,619.66,0.0476087624381396,51660963.91,34219168.9064042
"247",2018-06-04,591.02,-0.0473210827421111,57791317.73,67383730.7704279
"248",2018-06-05,609.05,0.0300505083649147,52918830.21,51699595.5468088
"249",2018-06-06,607.4,-0.00271281353431974,42406036.34,45353389.7015179
"250",2018-06-07,605.16,-0.00369466673501417,36622061.4,41302822.3964403
"251",2018-06-08,598.68,-0.010765654215688,29570758.38,41335779.0884426
"252",2018-06-09,592.87,-0.00975208097968139,23425391.98,32527347.390019
"253",2018-06-10,524.11,-0.12327356472699,103749727.2,41031728.8654949
"254",2018-06-11,531.69,0.0143590267808831,76462994.87,38489627.1142695
"255",2018-06-12,493,-0.0755514386924681,81341580.82,38624181.767306
"256",2018-06-13,475.47,-0.0362053855302458,86416386.63,54642866.1815486
"257",2018-06-14,519.29,0.0881587054607165,102374390,44603478.6246111
"258",2018-06-15,487.48,-0.0632132300178592,80145974.85,41187788.3410968
"259",2018-06-16,496.74,0.018817486423468,64919187.05,19590169.7413907
"260",2018-06-17,497.14,0.000804926191485755,58745118.71,15936065.8223825
"261",2018-06-18,517.95,0.0410070359338564,72402471.35,27689050.2572184
"262",2018-06-19,537.97,0.0379240840211255,78382588.54,33954620.298373
"263",2018-06-20,536.49,-0.00275487395718255,65285793.65,30470382.8115244
"264",2018-06-21,526.18,-0.019404563046038,42586318.5,41062787.0582881
"265",2018-06-22,462.09,-0.129883682217541,102306774.8,47990545.1798376
"266",2018-06-23,473.41,0.0242021433376864,44316379.47,22838436.3911043
"267",2018-06-24,454.41,-0.0409619464351181,88505534.66,36966046.7065215
"268",2018-06-25,458.7,0.0093965273960821,56436062.45,38273346.7265382
"269",2018-06-26,429.34,-0.0661472557771843,37307967.11,18921000.19597
"270",2018-06-27,441.64,0.0282459247449944,42947280.72,34422193.0064283
"271",2018-06-28,420.22,-0.0497166869100329,48557224.77,28309593.8503836
"272",2018-06-29,434.77,0.034038771965621,66573394.28,41659641.7574504
"273",2018-06-30,454.09,0.0434782606537532,70748384.85,21964302.2027022
"274",2018-07-01,452.1,-0.00439202197971778,50173671.42,19342631.174747
"275",2018-07-02,476.25,0.0520395321403511,84408714.71,23968880.264086
"276",2018-07-03,461.82,-0.0307677216666296,88130206.05,28254559.3882175
"277",2018-07-04,467.38,0.0119674265133787,48042056.08,24062671.0821249
"278",2018-07-05,467.87,0.00104784826481641,59119270.52,31909325.6289093
"279",2018-07-06,470.47,0.0055417154847115,46633547.17,24998403.0264523
"280",2018-07-07,485.57,0.0315912635575097,39311721.86,22312871.068112
"281",2018-07-08,486.77,0.00246827366813562,70523945.99,29107254.4864208
"282",2018-07-09,471.71,-0.0314273422821323,42954426.84,39374263.2857707
"283",2018-07-10,432.48,-0.0868283074525635,77742521.13,31440682.3280201
"284",2018-07-11,444.99,0.0285157274754928,69570597.67,25896275.3044844
"285",2018-07-12,431.14,-0.0316189466583428,78631113.03,20388272.3927124
"286",2018-07-13,432.46,0.0030569732004615,65466673.8,22578853.3838436
"287",2018-07-14,433.19,0.00168659428879181,53029892.4,17122935.8318525
"288",2018-07-15,449.78,0.0375821434957988,62248916.06,14588493.6488079
"289",2018-07-16,478.49,0.0618767377027014,80398354.46,24192764.6861275
"290",2018-07-17,498.76,0.0414897060953443,104290230.2,32847690.5558131
"291",2018-07-18,479.41,-0.0395688369380629,116671540.5,44709587.0569062
"292",2018-07-19,468.57,-0.0228706776525813,81153216.49,28608254.1955578
"293",2018-07-20,449.04,-0.0425735329037975,73878492.44,25212091.9540911
"294",2018-07-21,460.23,0.0246143938908485,34051603.36,15343656.6481124
"295",2018-07-22,457.47,-0.0060150557297618,28129475.21,12003319.4084882
"296",2018-07-23,450.05,-0.0163526210919365,49054903.28,39633376.9851366
"297",2018-07-24,479.28,0.0629262900725758,74269738.42,57573560.1372791
"298",2018-07-25,472.1,-0.0150941502234287,80868121.11,29913652.3142503
"299",2018-07-26,462.64,-0.0202416137022778,82819272.57,22684714.52435
"300",2018-07-27,470.09,0.0159749518840959,92234746.46,12836790.0908679
"301",2018-07-28,469.29,-0.00170325149227057,73310723.78,24441130.5074806
"302",2018-07-29,466.4,-0.00617727920550593,64627164.92,21493102.4656901
"303",2018-07-30,456.23,-0.0220465667168286,82428123.81,31270404.0928037
"304",2018-07-31,432.22,-0.054062350444573,94399725.75,24298532.9488375
"305",2018-08-01,420.41,-0.0277042922853399,88066594.01,22767340.0145374
"306",2018-08-02,410.62,-0.0235622129849231,74102793.63,25405321.0671694
"307",2018-08-03,417.52,0.0166642347305395,82442762.71,31470628.6879098
"308",2018-08-04,407.21,-0.0250034244436081,73796154.8,16360424.2337635
"309",2018-08-05,408.79,0.00387255385921925,64593904.84,11587457.3633011
"310",2018-08-06,405.28,-0.00862339049740335,67757484.94,17229178.2217894
"311",2018-08-07,378.21,-0.0691285893420774,83083795.05,22455936.4411123
"312",2018-08-08,355.48,-0.0619806080410132,100391980.2,48878664.1126482
"313",2018-08-09,363.3,0.0217599503568815,88131409.54,34813565.9732581
"314",2018-08-10,331.81,-0.0906664232872378,93178451.14,18573758.5403516
"315",2018-08-11,317.69,-0.0434864513952773,106734997.2,22487972.6958804
"316",2018-08-12,317.89,0.000629346444511292,43466733.75,12289426.8112527
"317",2018-08-13,283.81,-0.113400410802238,94158006.49,33789063.8840803
"318",2018-08-14,278.41,-0.0192101528315112,127753385,44289461.9982896
"319",2018-08-15,281.12,0.00968677708338372,126037140.7,27031333.3826316
"320",2018-08-16,287.17,0.0212927504547755,67837020.51,21416583.9497356
"321",2018-08-17,317.51,0.100434939006186,103050444.6,25600465.466029
"322",2018-08-18,294.11,-0.076555466877732,115559326.6,15096518.6450921
"323",2018-08-19,299.42,0.0178934229996743,85661942.29,9218002.18672551
"324",2018-08-20,270.51,-0.101538203841765,63253937.42,19242123.1687494
"325",2018-08-21,281.21,0.0387926550019433,62384768.41,13838029.3333769
"326",2018-08-22,270.8,-0.0377211801437483,113458567.8,20952303.5502524
"327",2018-08-23,275.99,0.0189840921385818,75819913.2,14971330.845499
"328",2018-08-24,281.19,0.0186659642498022,75029435.43,14452857.2297732
"329",2018-08-25,277.55,-0.0130295002903331,70728357.01,7782847.75940374
"330",2018-08-26,274.29,-0.0118151562917257,63548492.84,13648911.7485114
"331",2018-08-27,287.71,0.0477670875379159,77863316,18846096.8558
"332",2018-08-28,295.44,0.0265127421619464,91895213.46,21845277.0026704
"333",2018-08-29,288.4,-0.0241173651335131,94515756.42,19613742.4917055
"334",2018-08-30,283.89,-0.015761566222543,94748097.37,22532498.3012133
"335",2018-08-31,281.41,-0.00877415853667163,84967488.71,17713733.8830133
"336",2018-09-01,295.71,0.0495665636938778,86146416.37,17447565.3342752
"337",2018-09-02,295.41,-0.00101502241763729,45141040.56,11167928.7161863
"338",2018-09-03,289.09,-0.0216261636110007,79640131.71,18916504.1264539
"339",2018-09-04,285.3,-0.013196800097365,94920949.99,30026258.3342512
"340",2018-09-05,228.53,-0.221873765474661,136620124,33200459.8391952
"341",2018-09-06,229.7,0.00510661695025938,124860778.4,33400241.9291776
"342",2018-09-07,215.22,-0.0651133489228064,88670418.82,25868773.7315954
"343",2018-09-08,196.71,-0.0899301978286084,65385376.79,26056320.111796
"344",2018-09-09,195.81,-0.00458576162840263,84861381.28,27355799.4015466
"345",2018-09-10,197.15,0.0068200590084011,81950595.02,19824085.1334063
"346",2018-09-11,185.18,-0.062636535303735,89920137.2,24577885.7646939
"347",2018-09-12,183.12,-0.0111866493755901,88384821.01,36580215.6857299
"348",2018-09-13,210.68,0.140198718970877,147281547.2,21404319.9843552
"349",2018-09-14,208.82,-0.00886775775322413,177613712.1,21821739.5961636
"350",2018-09-15,221.29,0.0580014216458098,96594593.56,15655168.8051456
"351",2018-09-16,220.17,-0.00507408328269321,92372399.96,13994403.0367404
"352",2018-09-17,196.16,-0.115469322477234,173019109.9,20471908.0598659
"353",2018-09-18,208.17,0.0594244008317206,118777847.6,15485950.8713007
"354",2018-09-19,209.79,0.00775197680431727,103133667.4,13549269.788663
"355",2018-09-20,224,0.0655390214711549,121706784.8,16714696.0742627
"356",2018-09-21,247.73,0.100693391557646,195225669.8,41344684.0865144
"357",2018-09-22,241.01,-0.0275010170069399,102510891.9,23008040.86796
"358",2018-09-23,244.5,0.0143768825091817,57084614.93,15272843.9294231
"359",2018-09-24,228.06,-0.0696065566857147,82504630.52,13552579.4512225
"360",2018-09-25,219.62,-0.0377099720596448,151991600.9,19178780.5849335
"361",2018-09-26,214.42,-0.0239620717414741,132187818.9,16691716.8082089
"362",2018-09-27,229.13,0.066352819643158,128104933.4,13300949.3105827
"363",2018-09-28,221.84,-0.0323331267637288,139637602.1,20907007.8223766
"364",2018-09-29,231.62,0.0431416964487088,137238908.4,15467330.5584979
"365",2018-09-30,232.94,0.00568281191827413,100778882,14259019.7810565
"366",2018-10-01,231.61,-0.00572598701488491,74363466.52,17559493.6279432
"367",2018-10-02,225.69,-0.0258925464193807,91706335.34,12438957.3768048
"368",2018-10-03,220.77,-0.0220409406336222,60784387.7,13652392.1459497
"369",2018-10-04,222.66,0.00852450869394339,35468959.26,14618491.0171279
"370",2018-10-05,228.37,0.0253211763429393,30900558.88,12990554.307031
"371",2018-10-06,225.4,-0.0130905190378243,22656352.82,7496944.70356608
"372",2018-10-07,226.14,0.0032776749014225,16774573.69,6525931.37774958
"373",2018-10-08,230.01,0.0169685097318144,48017160.06,14240456.4224374
"374",2018-10-09,228.4,-0.00702430845705759,22933859.79,19779193.6814702
"375",2018-10-10,226.74,-0.00729449119240311,27773272.16,17361786.6260373
"376",2018-10-11,191.58,-0.168498510634707,101069066.8,30173720.4141663
"377",2018-10-12,196.96,0.0276951864813979,42627353.08,21242814.4476807
"378",2018-10-13,201.3,0.0217956702096025,21498264.31,10508699.5934672
"379",2018-10-14,197.01,-0.021541843774755,22180535.07,8109029.83653749
"380",2018-10-15,214.39,0.0845422974468484,212166629.6,35295841.204335
"381",2018-10-16,215.09,0.00325975887050234,31315676.32,22231333.3625356
"382",2018-10-17,212.85,-0.0104688529141805,32834161.52,19813212.1883627
"383",2018-10-18,206.24,-0.0315471530832836,31567845.72,16044908.1815792
"384",2018-10-19,205,-0.00603056005246927,52458006.51,11291629.2436778
"385",2018-10-20,207.91,0.0140953146168883,12936322.34,7534182.32870546
"386",2018-10-21,207.49,-0.00202214801693668,17462109.69,6640580.77690631
"387",2018-10-22,206.67,-0.00395982746514623,42711588.92,15727859.9173458
"388",2018-10-23,205.85,-0.00397557005730054,23146110,12984423.1413723
"389",2018-10-24,205.35,-0.0024319078133459,20049428.2,12550130.72157
"390",2018-10-25,203.93,-0.00693904269831158,15820355.2,13460895.6134165
"391",2018-10-26,204.92,0.00484286136674594,18707018.78,10175187.3635091
"392",2018-10-27,204.45,-0.00229621226035093,10280846.41,5099051.70923148
"393",2018-10-28,204.99,0.0026377506501456,9084565.916,6308889.35932902
"394",2018-10-29,196.96,-0.0399605350246528,23671711.39,14836688.9247518
"395",2018-10-30,197.27,0.00157268631963348,16501372.86,15060700.5073961
"396",2018-10-31,198.73,0.00737377078441614,22632315.26,12028405.9500158
"397",2018-11-01,199.96,0.00617022700517644,17116621.54,11565793.3834955
"398",2018-11-02,202.35,0.0118815247765047,19559214.42,11576050.7900369
"399",2018-11-03,200.31,-0.0101327047839872,14456528.38,7535639.52609708
"400",2018-11-04,212.11,0.0572388414932377,37959621.57,13152453.1369787
"401",2018-11-05,210.66,-0.00685954862272897,29714567.41,18628350.5090487
"402",2018-11-06,220.74,0.0467400789363417,42534535.86,15852321.8192431
"403",2018-11-07,219.07,-0.0075942248973293,45252424.09,16486493.8509227
"404",2018-11-08,212.79,-0.0290855495653028,40931506.15,15606638.991621
"405",2018-11-09,210.77,-0.00953827233314986,32309082.2,12080528.6286114
"406",2018-11-10,213.25,0.0116976948228329,28019225.01,8041217.97981081
"407",2018-11-11,212.54,-0.00333498042723956,28875079.88,7082615.24817074
"408",2018-11-12,212.89,0.00164539444309764,21271725.18,36841086.2582476
"409",2018-11-13,209.84,-0.014430264829028,24176049.61,10173526.9037316
"410",2018-11-14,187.43,-0.112939893187725,82531353.98,24575525.8347602
"411",2018-11-15,184.35,-0.0165693176907409,81674273.89,19024209.038395
"412",2018-11-16,176.89,-0.0413080542247366,43450649.95,13580897.4116437
"413",2018-11-17,176.2,-0.00390835695333713,25452515.64,10257994.1246464
"414",2018-11-18,178.97,0.0155984805272373,25261184.09,16187711.4167644
"415",2018-11-19,150.81,-0.171197427656723,94639227.03,28342899.5008303
"416",2018-11-20,133.82,-0.119525153017923,139191208.5,40196868.8150618
"417",2018-11-21,138.23,0.0324233511215946,97819681.49,21497332.0124315
"418",2018-11-22,126.63,-0.087649516013748,44837388.45,11594839.5905435
"419",2018-11-23,125.02,-0.0127957239588508,62657024.05,18896623.1375644
"420",2018-11-24,114.89,-0.0844985756383929,57264800.07,14215811.423247
"421",2018-11-25,118.67,0.0323713828117738,93723314.12,19441903.6550076
"422",2018-11-26,110.68,-0.0697033767583219,77209761.83,13988959.6423828
"423",2018-11-27,111.43,0.00675343614023749,56638056.01,12889098.508228
"424",2018-11-28,122.9,0.0979744255130264,68485222.44,15558379.7786475
"425",2018-11-29,117.98,-0.0408558979970604,57140533.57,11578387.7370022
"426",2018-11-30,113.73,-0.0366879003785758,48362085.78,10118300.5778426
"427",2018-12-01,118.1,0.0377045050069631,38614493.63,8915114.57928397
"428",2018-12-02,116.57,-0.0130397722715756,32184013.76,6134223.22685427
"429",2018-12-03,108.76,-0.069348331167471,36185196.19,11084708.8263705
"430",2018-12-04,109.94,0.0107911426682445,30365546.75,12115164.7468712
"431",2018-12-05,102.71,-0.0680252792548011,37519336.07,13459344.6784583
"432",2018-12-06,91,-0.121049976660863,58114721.75,13686275.5343943
"433",2018-12-07,93.05,0.0222774765714098,90499447.34,22962917.9728876
"434",2018-12-08,90.38,-0.0291139791051256,63224518.55,9854807.57619612
"435",2018-12-09,93.26,0.0313682873970409,48533111.85,9220217.78689831
"436",2018-12-10,89.91,-0.0365821213834936,37180525.46,8605076.65197789
"437",2018-12-11,87.76,-0.024203354029706,30055007.22,7604894.15559624
"438",2018-12-12,89.41,0.0186267167802514,25500398.93,7079381.58635551
"439",2018-12-13,86.34,-0.0349395426198953,29089359.83,9724395.0450037
"440",2018-12-14,83.82,-0.0296213476304059,27041687.8,9722825.55727614
"441",2018-12-15,83.76,-0.000716075934644067,18169124,6869267.40627798
"442",2018-12-16,84.67,0.0108057810919044,20783723.69,4247833.6846792
"443",2018-12-17,94.02,0.104746177941799,42965553.42,12178403.8560607
"444",2018-12-18,100.39,0.0655550751074507,50202945.79,16085776.1976472
"445",2018-12-19,98.74,-0.0165724678727184,84862730.23,18392800.0733698
"446",2018-12-20,114.05,0.14414681589968,93128082.55,17124714.5567468
"447",2018-12-21,107.69,-0.057380219389608,74510414.59,15871877.8682277
"448",2018-12-22,115.2,0.0674130189210018,44814571.61,15738171.835307
"449",2018-12-23,129.03,0.113375187201964,118250392.6,19582621.7961224
"450",2018-12-24,138.03,0.0674261173717321,190137361.1,30207438.8408677
"451",2018-12-25,127.6,-0.0785706819247975,136600862,12727052.926853
"452",2018-12-26,129.35,0.0136215377213489,102196717.4,13296157.4141469
"453",2018-12-27,113.8,-0.128079386939808,90456912.89,11817864.1818292
"454",2018-12-28,135.3,0.173052013484512,111865576.5,14933361.0951221
"455",2018-12-29,132.89,-0.0179728168333266,136479145.9,14319805.0068616
"456",2018-12-30,137.77,0.0360639097130919,94804050.49,9245539.96009248
"457",2018-12-31,131.45,-0.0469590768806176,64763118.12,10051367.0215248
"458",2019-01-01,139.1,0.0565665477535067,54280385.6,7726344.10725344
"459",2019-01-02,152.01,0.0887532092265308,138801471.1,28837918.4025974
"460",2019-01-03,146.3,-0.0382870001298494,104953535.1,20529227.3374451
"461",2019-01-04,151.97,0.0380238249194349,120827141.5,23816554.2854597
"462",2019-01-05,152.83,0.00564305959423184,120238339.8,18580228.782644
"463",2019-01-06,153.86,0.00671690549104387,95681339.46,15609921.1636942
"464",2019-01-07,149.34,-0.0298175124232332,64310962.92,14988371.9317188
"465",2019-01-08,147.6,-0.011719673441184,65535529.76,17957500.2037337
"466",2019-01-09,148.1,0.00338180910738117,44673066.39,12900418.4258681
"467",2019-01-10,124.95,-0.169974063992791,114437025.3,21618350.3544876
"468",2019-01-11,124.65,-0.00240384731139454,67782816.34,16791323.0864974
"469",2019-01-12,123.35,-0.0104839669942018,37295866.35,6591781.68975752
"470",2019-01-13,114.16,-0.0774248698067845,49521201.28,9166049.5029845
"471",2019-01-14,126.95,0.106192334982107,66801543.31,4803595.35336177
"472",2019-01-15,118.95,-0.0650900714017215,79985529.56,21048863.2381033
"473",2019-01-16,121.48,0.0210464034285813,62314226,12506594.0207154
"474",2019-01-17,121.54,0.000493786529661477,53854069.21,10277106.7093557
"475",2019-01-18,119.17,-0.0196923816044947,28305971.67,6855885.94742927
"476",2019-01-19,122.6,0.0283759783993967,39715159.16,8116567.08735595
"477",2019-01-20,117.47,-0.0427440416663165,53833668.91,8333971.77942083
"478",2019-01-21,115.63,-0.0157875436949242,35258073.43,8611268.30567581
"479",2019-01-22,117.81,0.0186777191171572,41777737.47,8206195.20248466
"480",2019-01-23,116.44,-0.0116970383806052,26975386.39,9203547.20092976
"481",2019-01-24,116.39,-0.000429497923537525,25044265.75,15323914.7771167
"482",2019-01-25,115.11,-0.0110584280269146,22977175.95,7489838.35698173
"483",2019-01-26,115.34,0.00199609526029665,16978386.2,4339564.3816689
"484",2019-01-27,112.05,-0.0289390879403308,28158012.73,8813299.2077388
"485",2019-01-28,105.5,-0.0602342473308148,60050129.39,17608664.8466609
"486",2019-01-29,104.45,-0.0100024649135468,33427469.35,8001908.87650104
"487",2019-01-30,108.29,0.036104325637714,35368520.14,7788628.17214305
"488",2019-01-31,106.44,-0.0172313675308002,31234353.52,12068693.83118
"489",2019-02-01,106.73,0.00272083481638496,25791535.15,6883941.54986341
"490",2019-02-02,110.42,0.0339889959300255,20153872.3,4847504.27602345
"491",2019-02-03,107.36,-0.0281036036325268,24605892.29,4632710.04787543
"492",2019-02-04,107.68,0.00297619267304583,17312736.6,5461457.80218183
"493",2019-02-05,107.27,-0.00381484528707965,17137008.25,7341561.40590799
"494",2019-02-06,104.5,-0.0261619492044725,34984364.3,11313661.370999
"495",2019-02-07,104.48,-0.00019140587674471,15530160.65,5841612.13689408
"496",2019-02-08,119.25,0.13222646424033,67027886.94,12602581.0985813
"497",2019-02-09,119.19,-0.000503271273833761,39061582.39,7659240.52558917
"498",2019-02-10,125.12,0.0485544183023841,45929459.13,9279738.38829069
"499",2019-02-11,120.89,-0.0343922355831001,47197595.85,11114723.5519369
"500",2019-02-12,122.41,0.0124950248735205,41603632.81,7382879.37841165
"501",2019-02-13,121.86,-0.00450322126707281,39073077.84,10498288.432612
"502",2019-02-14,120.42,-0.011887212784047,36278326.08,9071479.53140873
"503",2019-02-15,121.67,0.0103268297630565,31111280.21,7254522.17358743
"504",2019-02-16,122.67,0.00818536124530223,26462034.61,5264900.37128138
"505",2019-02-17,133.75,0.0864745627314552,78958054.96,12274465.3745874
"506",2019-02-18,145.69,0.0855086908897889,152756654.6,33313787.6650506
"507",2019-02-19,143.44,-0.015564247369027,109645050.5,18471119.0086015
"508",2019-02-20,148.44,0.0342640068955191,89136482.37,11767984.0804592
"509",2019-02-21,145.69,-0.0186997595264922,65199779.51,10662245.0245591
"510",2019-02-22,147.36,0.0113974958410923,53771600.8,13655284.9533544
"511",2019-02-23,157.79,0.0683864625405812,89997516.92,10004101.4854843
"512",2019-02-24,132.1,-0.177705823519299,186688063.4,21193880.5116049
"513",2019-02-25,137.87,0.0427520006552582,110348893,16520251.3410138
"514",2019-02-26,136.22,-0.0120399863703655,58979934.72,11510627.3170011
"515",2019-02-27,135.02,-0.00884831019944787,76519497.91,29183723.2893094
"516",2019-02-28,135.34,0.00236721519035576,78861797.56,16293819.0504639
"517",2019-03-01,135.32,-0.000147786891572466,41198722.58,14839897.4212491
"518",2019-03-02,132.56,-0.0206069707941996,39467507.69,9820643.24497375
"519",2019-03-03,130.6,-0.0148961562759773,29447917.24,5417243.77693232
"520",2019-03-04,125.65,-0.0386389528527289,51060349.77,17072500.88217
"521",2019-03-05,136.72,0.0844347748177334,67740644.33,14240239.3362266
"522",2019-03-06,137.4,0.0049613409809135,58701328.65,11843961.3895189
"523",2019-03-07,136.81,-0.0043032778562262,42271691.24,12424175.7150242
"524",2019-03-08,133.52,-0.0243418225784424,44879637.39,9567208.25523666
"525",2019-03-09,137.27,0.027698509909988,38220614.01,10112444.5959457
"526",2019-03-10,135.37,-0.0139380190658729,27650702.38,7159952.1961578
"527",2019-03-11,132.67,-0.0201469282688693,35285847.75,11026195.2628011
"528",2019-03-12,133.57,0.00676084306018776,25981446.1,19378771.8161157
"529",2019-03-13,131.65,-0.014478799046695,27670734.43,11639528.1630311
"530",2019-03-14,132.2,0.00416904147526775,34099414.81,8381496.85521075
"531",2019-03-15,136.56,0.032448151068599,39928522.34,10841121.8517875
"532",2019-03-16,140.92,0.031428274986852,66878173.45,12345023.0862781
"533",2019-03-17,138.67,-0.0160953437072644,35051209.93,5890622.06478153
"534",2019-03-18,137.59,-0.00781876132604786,39017864.92,12870579.1472021
"535",2019-03-19,138.55,0.00695302286926225,30175322.08,10172970.3143807
"536",2019-03-20,139.01,0.00331460168001385,30757997.81,13867540.7139121
"537",2019-03-21,134.85,-0.0303828234032624,42635937.49,13812934.6535692
"538",2019-03-22,135.98,0.00834476651257443,25309122.73,15094809.5542813
"539",2019-03-23,137.28,0.00951481964133905,23922572.36,8757058.37578663
"540",2019-03-24,136.09,-0.00870620416742618,27042322.7,9108806.30476919
"541",2019-03-25,133.98,-0.0156258964921046,31082445.59,10989986.7245728
"542",2019-03-26,134.18,0.00149164705462024,24490323.06,20695736.9477884
"543",2019-03-27,139.45,0.038523931938756,43635238.43,16028712.2603831
"544",2019-03-28,137.86,-0.0114674366159919,22543474.61,10422252.4714736
"545",2019-03-29,143.25,0.0383526781373433,33098245.96,10868061.1752985
"546",2019-03-30,142.46,-0.00553009704464102,36382647.23,11631418.3566354
"547",2019-03-31,141.38,-0.00760995780740004,20131931.7,12118080.2933578
"548",2019-04-01,141.24,-0.000990729682622593,33234998.64,15214727.6323141
"549",2019-04-02,163.31,0.145189664028466,138094679.3,29337222.9820338
"550",2019-04-03,159.96,-0.0207264511100336,225523896.2,30811799.3108993
"551",2019-04-04,157.36,-0.016387609897814,109082183.6,27738867.9212802
"552",2019-04-05,164.77,0.046014387988536,84123101.33,18817577.9485868
"553",2019-04-06,165.5,0.00442063274777738,87657058.11,15594025.2143873
"554",2019-04-07,174.21,0.0512902732349509,78876773.3,12545344.0138288
"555",2019-04-08,178.72,0.0255588672688223,156417981.3,27385297.6372469
"556",2019-04-09,174.6,-0.0233226919153893,75745619.57,15874799.1357936
"557",2019-04-10,177.12,0.0143298255548254,93283836.59,20681820.6944486
"558",2019-04-11,164.07,-0.0765343029335357,110201659.9,25130235.7144348
"559",2019-04-12,163.19,-0.00537799988394827,51556919.15,14672565.0548998
"560",2019-04-13,162.99,-0.00122631691130159,29247030.15,9685165.41000289
"561",2019-04-14,167.23,0.0256812611614903,30640985.06,13890170.8886955
"562",2019-04-15,159.95,-0.0445088439975043,57215098.11,16175448.7380143
"563",2019-04-16,165.37,0.0333241212665776,39245823.49,11094999.1732913
"564",2019-04-17,165.75,0.00229524140386683,37678036.6,9986316.86219095
"565",2019-04-18,173.33,0.0447166628872475,68031293.23,17073384.9716395
"566",2019-04-19,172.64,-0.00398879044339484,54991300.11,19586683.9267419
"567",2019-04-20,172.88,0.00138921068880649,43939979.02,10717688.2551716
"568",2019-04-21,168.59,-0.0251279803709208,47781349.4,12210572.0005748
"569",2019-04-22,170.52,0.0113828600692996,45832751.06,9345620.74037641
"570",2019-04-23,169.16,-0.00800757929272145,62784241.17,18086212.1914108
"571",2019-04-24,164.78,-0.0262337617168438,70076178.28,24677196.3849619
"572",2019-04-25,154.72,-0.0629942191824604,67326464.65,15305736.8106761
"573",2019-04-26,157.95,0.0206614955431101,78334214.87,22481673.3385774
"574",2019-04-27,159.31,0.00857346233670953,34294278,11082186.9260592
"575",2019-04-28,157.85,-0.00920677458080288,24304182.14,16927555.2867176
"576",2019-04-29,155.11,-0.0175106723673411,37892463.29,3270681.00577004
"577",2019-04-30,161.83,0.0424118588921347,48352308.35,26687481.6309456
"578",2019-05-01,160.19,-0.0101857908154024,30965351.7,15671237.1038807
"579",2019-05-02,161.81,0.0100621966983248,46716417.01,9731720.79789677
"580",2019-05-03,168.06,0.0378982510883557,69185162.6,18232507.3515156
"581",2019-05-04,163.7,-0.0262855741229835,51596174.4,11245654.0200871
"582",2019-05-05,163.05,-0.00397858214176061,28659516.79,5418770.82093255
"583",2019-05-06,173,0.0592346922624509,86112232.48,20215285.1558629
"584",2019-05-07,169.18,-0.0223283576219107,129206700.1,23061947.2572704
"585",2019-05-08,170.85,0.00982274168543196,81388788.6695702,16396998.8539463
"586",2019-05-09,170.9,0.000292611560245071,65084612.0888308,14433860.0445873
"587",2019-05-10,172.91,0.0116926377951527,78501976.2743827,15212221.6455919
"588",2019-05-11,190.2,0.0953049221945914,77351175.818592,16227956.499483
"589",2019-05-12,188.11,-0.0110492520063605,66414858.5353401,16289237.8691265
"590",2019-05-13,195.84,0.040271101219032,72489934.09312,16044274.3980042
"591",2019-05-14,216.4,0.0998305476483656,79012548.8879037,15930754.9864758
"592",2019-05-15,248.1,0.136703343725428,135054369.6,18509755.9173104
"593",2019-05-16,264.25,0.0630637340525917,452410350.1,70873693.3096352
"594",2019-05-17,244.3,-0.0784986464866524,366429299.2,63307780.3202002
"595",2019-05-18,233.6,-0.0447867273096225,160450040.8,24027516.1331569
"596",2019-05-19,259.51,0.105184986554864,207383027.8,20767153.4414004
"597",2019-05-20,250.37,-0.0358554137672904,165783106.1,38153600.5161769
"598",2019-05-21,253.43,0.0121478270352577,146749988.3,32814845.1209689
"599",2019-05-22,243.64,-0.0393959248086198,149006735.6,34249522.2554915
"600",2019-05-23,244.56,0.0037689516142958,144051488.9,37907499.8685397
"601",2019-05-24,248.87,0.0174699941931351,111294049.4,16787923.0574269
"602",2019-05-25,250.22,0.00540985911353964,83665127.84,14176501.8984604
"603",2019-05-26,264.45,0.0553116666227345,115089467.8,29976324.4122433
"604",2019-05-27,270.53,0.0227308003550908,170250734.9,29555829.5935217
"605",2019-05-28,271.03,0.00184651799271673,110617403.7,18819110.5392373
"606",2019-05-29,268.83,-0.00815030629555835,102868997.4,44493710.4681355
"607",2019-05-30,254.56,-0.0545426449747612,289930479.4,42266241.693544
"608",2019-05-31,267.9,0.0510772119610863,154783065.8,36538902.5448562
"609",2019-06-01,264.33,-0.0134154540038152,121851235.8,29946058.7489034
"610",2019-06-02,268.88,0.017066860870103,80960737.41,17818185.421469
"611",2019-06-03,249.91,-0.0731643303701608,103602836.7,23232035.8771997
"612",2019-06-04,241.39,-0.034686970262011,154709331.3,49800096.5036416
"613",2019-06-05,245.63,0.0174124558657578,81839286.62,27401485.8030214
"614",2019-06-06,248.76,0.0126622375852516,72417630,21242230.223817
"615",2019-06-07,248.77,4.01985809954652e-05,87644279.25,21089734.0205684
"616",2019-06-08,243.25,-0.0224390537505696,46293916.79,9369016.91942913
"617",2019-06-09,230.98,-0.051758594379173,74594101.42,13992333.2081458
"618",2019-06-10,246.51,0.0650714339242651,75090336.66,18833214.6216028
"619",2019-06-11,244.29,-0.00904651646405696,57549753.74,23472403.8204427
"620",2019-06-12,261.15,0.0667389107351584,84660448.57,25797626.84175
"621",2019-06-13,254.67,-0.0251263654643212,75447391.04,56557826.3338814
"622",2019-06-14,262.47,0.0301682003682968,84045849.54,25137154.091666
"623",2019-06-15,267.82,0.0201783232811366,76053046.55,19112931.5919699
"624",2019-06-16,267.73,-0.000336103074772609,123848161.5,39188104.5127194
"625",2019-06-17,273.16,0.0200786941002411,91807270.71,22345854.9498932
"626",2019-06-18,264.66,-0.0316117207479847,85335852.93,38370865.9375126
"627",2019-06-19,268.14,0.0130632488285114,55665919.15,28594432.8720917
"628",2019-06-20,271.22,0.0114210674863839,53998507.96,30146405.3023893
"629",2019-06-21,294.35,0.0818392358144715,148641528.5,25023849.5178392
"630",2019-06-22,310.79,0.0543479074694195,222036096.3,52270512.7662956
"631",2019-06-23,308.52,-0.00733077187789188,131252843.5,23748179.2115261
"632",2019-06-24,311.64,0.0100620043968593,108439071.6,45842950.6505166
"633",2019-06-25,318.26,0.0210199833193805,108143161.2,29534534.6666083
"634",2019-06-26,339.39,0.0642812298244468,341534154.5,58715584.1193174
"635",2019-06-27,298.35,-0.128882594638394,315174509.7,61882346.7531029
"636",2019-06-28,311.05,0.0416863769929376,161838706.8,36430690.2125003
"637",2019-06-29,317.62,0.0209020287214718,130425514,29627148.5236337
"638",2019-06-30,292.7,-0.0817075059846601,149527443.6,20882997.2695718
"639",2019-07-01,295.07,0.00806442262919571,142871936.8,37766451.0641753
"640",2019-07-02,291.48,-0.0122412235249545,140020251.9,44869777.8074924
"641",2019-07-03,301.14,0.0326038800928155,109262202.2,27981290.5972092
"642",2019-07-04,282.73,-0.0630828942642623,79507234.74,24481183.7616316
"643",2019-07-05,287.47,0.0166261283360702,75165110.7,17615236.5419778
"644",2019-07-06,288.29,0.00284841098519717,57137782.6,14351952.6972357
"645",2019-07-07,304.72,0.055426404218446,73170809.76,18222566.2156601
"646",2019-07-08,311.97,0.0235137071699025,88890021.75,21538869.5456905
"647",2019-07-09,307.46,-0.0145620318557977,96199378.54,122874670.089333
"648",2019-07-10,289.23,-0.0611227781400547,135779813.6,33491545.366745
"649",2019-07-11,268.63,-0.0738872512464335,136450969.6,25893062.893312
"650",2019-07-12,274.62,0.0220533557956406,72743548.04,11824093.5263995
"651",2019-07-13,268.79,-0.0214579183175889,55323572.09,13604225.905584
"652",2019-07-14,225.85,-0.174059343475403,130785859,40635669.3276928
"653",2019-07-15,228.2,0.0103513753273621,159784811.6,32585822.1298927
"654",2019-07-16,198.88,-0.137520809665574,151473621.6,27380090.737604
"655",2019-07-17,210.81,0.0582556261098146,143020072,18560045.1102066
"656",2019-07-18,225.73,0.0683823409232707,132637638.8,23211681.70206
"657",2019-07-19,220.73,-0.0223993596423666,81600507.57,13126399.4206884
"658",2019-07-20,228.2,0.0332822022748553,74182517.24,11605459.686487
"659",2019-07-21,225.38,-0.0124345709037721,60421739.05,6644968.93914051
"660",2019-07-22,217.51,-0.0355430400408805,59602149.04,14263253.8982841
"661",2019-07-23,212.48,-0.0233969601952539,67930201.67,13214608.2497184
"662",2019-07-24,216.31,0.0178646976873411,69281797.02,13518397.827708
"663",2019-07-25,219.14,0.0129982310018377,62017449.36,11636447.438849
"664",2019-07-26,218.81,-0.00150702163468797,42839496.54,21874221.7677016
"665",2019-07-27,207.3,-0.0540367539008253,63931823.16,5696974.10221749
"666",2019-07-28,211.62,0.020625194034281,45414505.79,6007549.537459
"667",2019-07-29,210.89,-0.00345554295234241,47853275.13,8806607.47360747
"668",2019-07-30,209.58,-0.00623114247687706,46627086.48,16964066.8720733
"669",2019-07-31,218.42,0.0413142867227867,44416634.9,11928308.2226529
"670",2019-08-01,216.84,-0.00726006037744487,40054998.68,11502332.7308502
"671",2019-08-02,217.61,0.00354471541606394,45116694.86,10856227.2404388
"672",2019-08-03,222.14,0.0206033439307722,40285734.53,10249401.3225937
"673",2019-08-04,221.79,-0.00157682550185534,29836777.69,5244138.20764602
"674",2019-08-05,233.54,0.0516223804104499,70962003.84,18042618.2999584
"675",2019-08-06,226.28,-0.0315801981726134,78590684.02,15922027.0885752
"676",2019-08-07,226.1,-0.000795791191031014,63135096.49,19722041.8298386
"677",2019-08-08,221.39,-0.0210515271477902,52730777.07,55617525.7970361
"678",2019-08-09,210.53,-0.0502976913536699,49415315.75,19105789.1490667
"679",2019-08-10,206.48,-0.0194246053721052,52534644.57,12853535.0608255
"680",2019-08-11,216.42,0.0470174087331436,39875149.55,9770111.58832379
"681",2019-08-12,211.41,-0.0234215881364612,26091487.96,8603527.84147613
"682",2019-08-13,209.3,-0.0100307465550866,34861802.4,10758024.4464164
"683",2019-08-14,187.1,-0.11212539617191,63597043.19,23401945.2950345
"684",2019-08-15,188.03,0.00495829128733938,44183760.71,16784730.2355788
"685",2019-08-16,184.88,-0.0168945586012583,51945182.47,11268288.7479254
"686",2019-08-17,185.59,0.00383297362408808,25599796.9,5242714.4139167
"687",2019-08-18,194.33,0.0460178052863984,33655229.09,7122694.65938287
"688",2019-08-19,202.28,0.0400951313351703,47675347.06,13497037.340624
"689",2019-08-20,196.6,-0.0284816684987161,37412398.98,11485558.1633605
"690",2019-08-21,187.45,-0.0476590645311452,53434048.95,12535827.2727302
"691",2019-08-22,190.35,0.0153523396465856,46426395.05,13432061.5625922
"692",2019-08-23,194.02,0.0190967637046313,37022930.57,11483945.2080774
"693",2019-08-24,190.6,-0.0177842553130363,31786227.86,11935691.8519147
"694",2019-08-25,186.54,-0.021531297921384,31935951.29,8660710.32409097
"695",2019-08-26,188.67,0.011353763924804,48298621.32,13053375.2105335
"696",2019-08-27,187.24,-0.00760824079165179,29513243.5,9254043.51037736
"697",2019-08-28,173.03,-0.0789262265633122,59498959.97,9484486.37187899
"698",2019-08-29,169.01,-0.023507105098421,49838097.17,11119745.0742501
"699",2019-08-30,168.5,-0.00302213497772019,40216956.6,14330599.9526895
"700",2019-08-31,171.57,0.0180555968029186,32983642.84,12255010.4251205
"701",2019-09-01,170.74,-0.00484941501317415,32627380.93,5525752.93775222
"702",2019-09-02,178.05,0.0419224781416263,51446380.45,11046275.6495584
"703",2019-09-03,178.75,0.00392377185032977,58621819.36,11634720.3103904
"704",2019-09-04,174.72,-0.0228034890175763,50629395.49,12330127.1481093
"705",2019-09-05,173.75,-0.00556720811163913,40247496.56,11702665.4205708
"706",2019-09-06,169.08,-0.0272455087463124,54567316.61,11374356.2210269
"707",2019-09-07,177.62,0.0492744611317688,44282963.31,12316939.9378709
"708",2019-09-08,181.19,0.0198997676176589,52424648.72,14376117.6680785
"709",2019-09-09,180.54,-0.00359384457800793,49340881.23,14888235.2588703
"710",2019-09-10,179.81,-0.00405162202646192,43067898.91,8520553.89279079
"711",2019-09-11,178.28,-0.00854538976519148,49657474.98,13014839.1126726
"712",2019-09-12,180.72,0.0135935240813927,36419973.23,10399769.8308957
"713",2019-09-13,180.95,0.00127187785000338,47382425.19,5294443.68031707
"714",2019-09-14,188.13,0.038912463213288,51424561.39,5546547.53002794
"715",2019-09-15,189.03,0.00477251939903489,54373471.39,7672658.48176571
"716",2019-09-16,197.22,0.042414124282109,106449156,20903821.3581297
"717",2019-09-17,207.84,0.0524486960181063,145945114.9,35013640.8562475
"718",2019-09-18,210.21,0.0113384781282626,114703107.3,54612814.4587448
"719",2019-09-19,220.24,0.0466108297838002,179595728.8,24461947.196305
"720",2019-09-20,218.03,-0.0100851928343957,95069640.62,20235321.8417356
"721",2019-09-21,215.05,-0.0137621087702113,90638548.24,2232840.1907769
"722",2019-09-22,211.2,-0.0180650073976389,93662351.5,10250650.0657573
"723",2019-09-23,201.29,-0.0480588975191658,80922890.46,3689750.87223916
"724",2019-09-24,165.81,-0.193904099799659,263412071.5,50538464.7513974
"725",2019-09-25,169.96,0.0247205607333294,147619414.1,16134849.0967482
"726",2019-09-26,165.92,-0.0240573707653935,127948136.3,22231476.9868853
"727",2019-09-27,173.79,0.0463419292954255,106461443.9,11597319.9963624
"728",2019-09-28,173.49,-0.0017277129384059,90120971.17,9195188.0505564
"729",2019-09-29,169.24,-0.0248021349863699,69327213.65,7656254.05639068
"730",2019-09-30,180.85,0.0663501325462397,100443187.8,12988336.3098227
"731",2019-10-01,175.66,-0.0291176499091357,109337395.1,14231622.8222343
"732",2019-10-02,180.24,0.0257389876350178,61530973.8,14600972.2373911
"733",2019-10-03,174.69,-0.0312763216068506,62001237.48,8973047.0586698
"734",2019-10-04,175.55,0.00491092809730276,58470302.14,8580243.06385199
"735",2019-10-05,176.25,0.00397953907793713,48647162.44,5170583.84323362
"736",2019-10-06,170.1,-0.0355169422905623,54241930.13,6618868.81629116
"737",2019-10-07,179.85,0.055736670739817,87617964.57,12081498.1307083
"738",2019-10-08,180.6,0.00416147084125207,72432729.98,14021495.5155877
"739",2019-10-09,192.62,0.0644346951498331,105551736.5,19376851.0373427
"740",2019-10-10,191.14,-0.00771319229468492,83367952.39,12094503.7737656
"741",2019-10-11,180.72,-0.0560572716782852,115872479.8,15273892.0521043
"742",2019-10-12,179.68,-0.00577138116961518,52895345.38,8154224.34952908
"743",2019-10-13,180.99,0.00726429013064767,45067340.42,7657182.89841624
"744",2019-10-14,186.72,0.0311683874174653,51494870.28,9459101.25733274
"745",2019-10-15,180.49,-0.0339347939620884,73998014.45,10933618.4406968
"746",2019-10-16,174.47,-0.0339225674843471,61180262.78,11714603.5810902
"747",2019-10-17,177.16,0.0153004719631875,52578052.94,9672123.8646254
"748",2019-10-18,172.74,-0.025265705202858,55285684.61,9315776.01340413
"749",2019-10-19,171.79,-0.00551477321378524,51269466.04,7297348.50163846
"750",2019-10-20,175.22,0.0197695265998634,51654250.07,9737305.44052275
"751",2019-10-21,173.98,-0.00710197715882366,47204344.24,7503225.00284808
"752",2019-10-22,171.2,-0.0161078863717528,44176123.21,10053098.3401332
"753",2019-10-23,162.35,-0.0530779651587867,121126428.2,23783206.108225
"754",2019-10-24,160.38,-0.0122084991699722,62419095.11,14356270.937445
"755",2019-10-25,181.5,0.123709654326023,157496890.7,17131741.6835749
"756",2019-10-26,179.49,-0.011136157634855,222906937.8,22382961.3989616
"757",2019-10-27,183.75,0.0234566420228957,132329593.4,13372555.3788156
"758",2019-10-28,181.72,-0.0111090972017429,106933716.7,16323583.0763543
"759",2019-10-29,190.46,0.0469751578746971,99024969.84,11665188.2291159
"760",2019-10-30,183.13,-0.0392459156130425,99508269.89,15104726.8289539
"761",2019-10-31,182.18,-0.00520107383619361,74696032.73,10376069.3967114
"762",2019-11-01,182.85,0.00367093527872608,60092727.14,9681239.36781288
"763",2019-11-02,182.91,0.000328083992444661,32936676.71,7375692.45111631
"764",2019-11-03,181.54,-0.00751821348935344,42260620.38,9438273.46233834
"765",2019-11-04,185.71,0.0227103021064803,59357371.31,8994310.80538967
"766",2019-11-05,188.68,0.0158661412110996,73036074.78,23309130.2677667
"767",2019-11-06,191.16,0.0130583152938968,65471595.21,11548156.7338567
"768",2019-11-07,186.68,-0.0237148526283431,58150631.28,8754112.88952204
"769",2019-11-08,183.74,-0.0158742062382942,67305417.41,9003403.72311
"770",2019-11-09,184.89,0.00623933879894079,35441967.77,7950469.75175454
"771",2019-11-10,188.96,0.0217742988067906,51648623.29,7346263.63041162
"772",2019-11-11,184.98,-0.0212876413229379,47746876.46,7023969.01032602
"773",2019-11-12,187.09,0.0113420733712131,47636043.35,36157158.3245013
"774",2019-11-13,188.11,0.00543711360760213,36936429.94,19860390.2959459
"775",2019-11-14,184.92,-0.0171035989849049,45523714.1,8684729.56272274
"776",2019-11-15,180,-0.026966448229814,74217250.17,10906315.6261866
"777",2019-11-16,182.37,0.0130807395385304,31378510.02,3600795.32634686
"778",2019-11-17,183.82,0.00791942750122221,36509968.7,4814512.91370085
"779",2019-11-18,178.2,-0.0310505028932537,52985734.28,8014911.55745005
"780",2019-11-19,175.94,-0.0127634872121805,48414106.96,9422507.92678469
"781",2019-11-20,174.72,-0.0069583352679885,38001672.19,10310532.5291418
"782",2019-11-21,161.01,-0.0817182176996933,78641896.23,19312663.1101319
"783",2019-11-22,149.56,-0.0737688247479342,147595324.6,23305950.6953868
"784",2019-11-23,151.84,0.0151296847527052,55595157.56,9426132.93657997
"785",2019-11-24,139.96,-0.0814706673621304,51503705.18,7420839.41457571
"786",2019-11-25,145.69,0.0401244091664168,106186791.3,16001393.8025826
"787",2019-11-26,147.47,0.0121436885969448,51873405.04,7990765.24093057
"788",2019-11-27,152.62,0.0343264065986384,83505998.05,15766569.1307099
"789",2019-11-28,150.72,-0.0125273610334347,48324220.62,5356772.55648292
"790",2019-11-29,154.57,0.0252232573361741,50649319.12,14387393.258522
"791",2019-11-30,151.37,-0.0209198973897529,34617912.18,7676720.90250548
"792",2019-12-01,150.73,-0.00423701395203668,51148792.08,7378818.81196517
"793",2019-12-02,148.65,-0.0138956073783305,34768563.47,6926712.52972763
"794",2019-12-03,147.17,-0.0100061682680854,29061161.1,8013960.57359301
"795",2019-12-04,145.38,-0.0122373771195319,63840615.24,7545076.74542575
"796",2019-12-05,148.1,0.0185367172172635,43777241.59,7282133.46844172
"797",2019-12-06,148.45,0.00236047993601574,32549526.4,8089876.1973559
"798",2019-12-07,147.14,-0.00886368670565041,20799551.35,4746408.35020638
"799",2019-12-08,150.44,0.0221798190980174,30606289.29,4025125.61471055
"800",2019-12-09,147.38,-0.0205500482632823,36345702.35,10546442.5329153
"801",2019-12-10,145.56,-0.0124259125948942,29746845.43,6438401.29024292
"802",2019-12-11,143.39,-0.0150201820170119,22772651.17,7186465.38696706
"803",2019-12-12,144.87,0.010268597826613,37425277.04,5001340.0873544
"804",2019-12-13,144.8,-0.00048330860194401,23203419.96,6179621.91731076
"805",2019-12-14,141.79,-0.0210063902021496,18027581.36,4525665.26739459
"806",2019-12-15,142.46,0.00471416880074127,21495196.82,4635309.14898336
"807",2019-12-16,132.73,-0.0707442689120974,63632055.58,11393682.0856336
"808",2019-12-17,121.88,-0.0852800355206025,71709329.27,10334288.369093
"809",2019-12-18,132.78,0.0856566691735052,110566290.6,12542324.8945837
"810",2019-12-19,128.1,-0.0358824143883245,53766864.19,13167236.5954999
"811",2019-12-20,128.19,0.000702329421354619,27266605.48,7354054.76261089
"812",2019-12-21,126.99,-0.00940519512310178,17199278.79,5315390.43713125
"813",2019-12-22,132.09,0.0393751652348309,32938501.02,5066410.14450874
"814",2019-12-23,127.8,-0.0330169664923385,55501305.92,13732955.4599113
"815",2019-12-24,127.75,-0.000391312859620463,25667665.14,8692404.36125536
"816",2019-12-25,125.09,-0.0210417508571634,28144469.16,11299325.6487835
"817",2019-12-26,125.58,0.00390952745931283,34943780.91,8020813.69165192
"818",2019-12-27,126.29,0.00563784397211542,30020098.89,8093136.72285125
"819",2019-12-28,128.11,0.0143084202102637,25177121.15,4725073.01194587
"820",2019-12-29,134.36,0.0476334948757504,41893078.36,6788663.45296835
"821",2019-12-30,131.59,-0.0208317365820436,42636559.38,8332211.24430348
"822",2019-12-31,129.16,-0.0186390822719744,34678632.18,8957010.08886652
"823",2020-01-01,130.77,0.0123881090283362,18952318.53,3158727.51217499
"824",2020-01-02,127.19,-0.0277580234550179,27486853.39,6210524.28846581
"825",2020-01-03,134.35,0.0547663035981074,54139288.22,11103041.5597194
"826",2020-01-04,134.2,-0.00111711052391872,24641135.57,6132587.47629199
"827",2020-01-05,135.37,0.00868054566011356,34593687.6,5151946.52254865
"828",2020-01-06,144.15,0.0628426538867162,57400544.49,28938208.9406081
"829",2020-01-07,142.8,-0.00940937417892673,63861666.4,13009631.7610441
"830",2020-01-08,140.72,-0.0146729494761821,81184999.73,12199729.7189185
"831",2020-01-09,137.74,-0.0214042503127505,50611452.58,12586902.8244808
"832",2020-01-10,144.84,0.0502618347808887,57377525.56,10084509.813845
"833",2020-01-11,142.38,-0.0171301452217136,53149360.56,7906661.22966491
"834",2020-01-12,146.54,0.0287988890560911,33112850.82,5910471.3896503
"835",2020-01-13,143.58,-0.0204060575834806,29888095.37,11909950.7398893
"836",2020-01-14,165.64,0.142924387529029,173492006.2,25983197.1251992
"837",2020-01-15,166.4,0.00457776970974155,119239937.9,17302882.0359167
"838",2020-01-16,164.21,-0.0132484318833619,74038650.83,10490596.1467677
"839",2020-01-17,169.85,0.0337695981028467,129909265.3,16555916.0252114
"840",2020-01-18,174.14,0.0249438787938763,119388338.8,20346416.9009064
"841",2020-01-19,166.79,-0.0431240373113875,105691368.8,14323136.1781226
"842",2020-01-20,166.87,0.000479530069729783,59292534.72,8017914.55471312
"843",2020-01-21,169.49,0.0155788618711519,51615232.57,10630270.5341154
"844",2020-01-22,168.07,-0.00841336874148801,45903134.16,9204547.14147825
"845",2020-01-23,162.81,-0.0317966825450524,60971659.77,10630026.2120971
"846",2020-01-24,162.54,-0.00165975141836405,68980724.06,10916302.0459339
"847",2020-01-25,160.35,-0.0135651991858952,35196608.31,4826023.51883558
"848",2020-01-26,167.86,0.0457713725155173,41239031.34,5809284.81975833
"849",2020-01-27,170.08,0.0131386159389564,61846624.61,7861303.71426604
"850",2020-01-28,175.64,0.032167531099879,81649497.49,13336185.434077
"851",2020-01-29,173.72,-0.0109916380268951,55988230.27,12380422.178693
"852",2020-01-30,184.69,0.0612339362211989,85164074.08,19764101.7633866
"853",2020-01-31,179.99,-0.0257774500964327,69633052.28,11525423.2186864
"854",2020-02-01,183.6,0.0198581843950025,47263178.07,11941440.723586
"855",2020-02-02,188.44,0.0260201756454501,104105613.6,15379594.2448307
"856",2020-02-03,189.69,0.00661150690679158,79336312.52,12390268.8770846
"857",2020-02-04,188.91,-0.00412044956987057,68720832.62,9742387.75889972
"858",2020-02-05,203.78,0.0757702693773776,108659358.5,25227250.7593069
"859",2020-02-06,213.19,0.0451428063303121,127874220.8,23597278.6138657
"860",2020-02-07,223.33,0.0464667113559321,138524804.2,24783995.009425
"861",2020-02-08,223.05,-0.00125453665810937,122069507.7,21337532.7085085
"862",2020-02-09,228.49,0.0240964841261793,79674647,17727424.6951258
"863",2020-02-10,222.89,-0.0248140694823515,113385289,24708655.3437403
"864",2020-02-11,236.69,0.060072891838618,135863928.6,28226890.541917
"865",2020-02-12,265.74,0.115767119106443,266734296.6,39623957.5942027
"866",2020-02-13,268.32,0.00966191091173663,291533156.1,46177143.2362054
"867",2020-02-14,285.15,0.0608350595276486,201120424.6,32658730.2590381
"868",2020-02-15,264.88,-0.073738464363557,236287101.1,44209671.6279773
"869",2020-02-16,258.85,-0.02302814989108,286269166.3,28592532.9877748
"870",2020-02-17,267.85,0.0341783789790586,280371301.8,38876270.2019819
"871",2020-02-18,282.61,0.0536407330015747,304162263.3,45038879.10335
"872",2020-02-19,258.45,-0.0893656036864954,191887955.8,28032739.7996626
"873",2020-02-20,256.96,-0.00578182088365153,249383114,28145688.2847855
"874",2020-02-21,265.27,0.0318277444587203,137848242.4,20707346.6310406
"875",2020-02-22,261.57,-0.0140462411092841,81781388.32,11631798.1410658
"876",2020-02-23,274.48,0.0481764644423617,120024059,23591113.3587603
"877",2020-02-24,265.52,-0.0331882311384755,185949182.7,22611108.958544
"878",2020-02-25,246.67,-0.073638756459407,197442911.5,26392487.2688947
"879",2020-02-26,223.93,-0.096717907935572,324229460.6,39690755.0159832
"880",2020-02-27,227.79,0.0170906488765121,287322727.3,29720290.4553881
"881",2020-02-28,226.76,-0.00453196243714959,236064804.3,30740319.5889928
"882",2020-02-29,217.21,-0.0430275619405007,123635801,11942710.296468
"883",2020-03-01,217.81,0.00275849561153496,157064953.8,14102442.9474165
"884",2020-03-02,231.97,0.0629849298330418,182948651.7,27297452.3470319
"885",2020-03-03,223.91,-0.0353638675569314,168090325.5,22775923.8393304
"886",2020-03-04,224.26,0.00156190762948683,99650220.54,14733581.1773157
"887",2020-03-05,228.38,0.0182048152407681,138081898.3,21645866.2056972
"888",2020-03-06,244.88,0.0697573863636549,148563741.8,34920704.6535256
"889",2020-03-07,237.23,-0.0317381599628836,154037325.6,17252045.4876718
"890",2020-03-08,199.43,-0.173566837109143,277970187.9,22345002.9845871
"891",2020-03-09,202.81,0.0168062826009105,332570408.5,53994275.2085374
"892",2020-03-10,200.7,-0.010458324363749,205536190.2,31294170.6173168
"893",2020-03-11,194.61,-0.0308136999092179,208232375.2,32198988.7797037
"894",2020-03-12,107.82,-0.590534385869551,548668262.2,59684543.8603735
"895",2020-03-13,134.06,0.217824290906289,560710331.8,64301230.4648537
"896",2020-03-14,122.54,-0.089849953632303,159192895.6,24043793.2782061
"897",2020-03-15,123.78,0.0100682890137067,163436235.3,27641276.2259792
"898",2020-03-16,111.02,-0.1087954310492,270353891.8,38956515.214171
"899",2020-03-17,115.67,0.0410309440452945,150800664.1,18337259.0896579
"900",2020-03-18,118.11,0.0208750843164456,137550912.1,15905775.58586
"901",2020-03-19,136.3,0.143241945078731,231626928.2,28611525.1439687
"902",2020-03-20,133.48,-0.0209066848193142,345856006.7,31589318.4379436
"903",2020-03-21,132.66,-0.00616218978576288,162468451.8,12453818.9981992
"904",2020-03-22,122.32,-0.0811489024766034,135927941.1,13249132.897666
"905",2020-03-23,135.92,0.10542591574287,184851609.1,28794563.4307012
"906",2020-03-24,138.42,0.0182260640500402,171156363.7,50588508.5701957
"907",2020-03-25,136.1,-0.016902631756297,141795323,13833449.8094606
"908",2020-03-26,138.4,0.0167581335261495,101918769.7,18523310.2326087
"909",2020-03-27,131.33,-0.0524348035865012,96581886.88,13269633.5230696
"910",2020-03-28,130.98,-0.00266859980716116,115166652,13153720.6887607
"911",2020-03-29,124.5,-0.0507389238851452,69434202.21,11621019.533923
"912",2020-03-30,132.06,0.0589506488616633,100271145.9,14852562.2476789
"913",2020-03-31,132.72,0.00498528111576402,72618183.48,12186715.7856454
"914",2020-04-01,135.69,0.0221312262756719,90063924.23,14057902.8662235
"915",2020-04-02,141.28,0.0403708646977883,159989506.6,22539307.0744942
"916",2020-04-03,141.31,0.000212321739005539,113731706.7,13825681.7577984
"917",2020-04-04,144.1,0.0195514444108209,81640622.83,10653868.854459
"918",2020-04-05,142.68,-0.0099031425147853,59383946.13,9420912.08736577
"919",2020-04-06,171.32,0.18292879225648,257097597.8,29463183.2740874
"920",2020-04-07,164.63,-0.0398326210872399,292710722.6,33451140.6692546
"921",2020-04-08,173.11,0.0502266989287081,173916484.8,19791341.1103128
"922",2020-04-09,169.52,-0.0209563166285944,122531132,13170368.7243242
"923",2020-04-10,157.81,-0.0715791362000022,209535613.3,20879514.7686161
"924",2020-04-11,158.33,0.00328968475330083,98275533.06,12419895.272413
"925",2020-04-12,158.59,0.00164079299716668,129919934.4,18687218.9747626
"926",2020-04-13,156.29,-0.0146089996564074,160423270.3,19619500.2554177
"927",2020-04-14,158.45,0.0137258302828283,110710086.1,11420398.5532385
"928",2020-04-15,152.73,-0.0367674295545761,114640840.1,14313436.1819499
"929",2020-04-16,172.29,0.120507446961961,273639160.1,35876119.3080324
"930",2020-04-17,170.69,-0.00933005776807327,123553456.3,14694712.8295648
"931",2020-04-18,187.4,0.0933963240280802,203132212,23217774.3100235
"932",2020-04-19,180.03,-0.0401218661347906,181415813.5,15130124.0917562
"933",2020-04-20,170.2,-0.0561492875302569,273854539.8,27062278.9090121
"934",2020-04-21,170.74,0.00316771544288663,155292048.4,45742275.513098
"935",2020-04-22,182.7,0.0677035318018007,176079076.9,27429086.6185038
"936",2020-04-23,185.51,0.0152633255663206,270862911.4,28816778.4793667
"937",2020-04-24,187.59,0.0111499412970346,146419748.1,25461988.6832728
"938",2020-04-25,194.21,0.034681317590044,167703202.4,14514330.8017129
"939",2020-04-26,197.38,0.016190756906501,148433709.8,20127749.2805567
"940",2020-04-27,196.34,-0.0052829544794859,174775637.9,26720471.7019106
"941",2020-04-28,196.24,-0.000509450314141624,124476041.9,20373170.7147359
"942",2020-04-29,215.36,0.0929726465061291,338324593.6,46234571.0960707
"943",2020-04-30,206.08,-0.0440466035403739,374893029.8,39640420.8527169
"944",2020-05-01,212.02,0.0284161669289622,168339123.4,21817529.3188693
"945",2020-05-02,213.9,0.00882800624340874,94389501.52,14379866.8149472
"946",2020-05-03,209.86,-0.0190679743585953,158874887.1,20105082.6412795
"947",2020-05-04,206.48,-0.0162370863194061,225451167.7,23954424.3894168
"948",2020-05-05,205.29,-0.0057799417778428,131906204.9,20875315.3325505
"949",2020-05-06,198.97,-0.0312695540413594,178157452.6,27252942.1769506
"950",2020-05-07,212,0.0634322150808559,271197927.7,44824564.4865827
"951",2020-05-08,211.31,-0.00326002509317647,194579529.4,30485472.6577319
"952",2020-05-09,210.07,-0.00588544107124722,124626471.4,24235058.4276906
"953",2020-05-10,187.54,-0.11344865251611,278394290.8,31125006.2432571
"954",2020-05-11,185.73,-0.00969814979222861,203391530.2,20964782.9771931
"955",2020-05-12,189.76,0.0214661096101105,126810812.2,23794845.0188403
"956",2020-05-13,199.58,0.0504550426468056,156637596.4,26138126.2959721
"957",2020-05-14,203.29,0.0184183725768063,224233786.1,27265678.8656818
"958",2020-05-15,194.86,-0.0423521790357775,179634085.6,20474981.2910131
"959",2020-05-16,200.45,0.0282834870913202,134060788.5,16042297.15028
"960",2020-05-17,207,0.0321539541768532,145341278.7,14600901.7859432
"961",2020-05-18,214.91,0.0375005425717463,226789027.2,31734399.4493794
"962",2020-05-19,214.58,-0.00153670662851457,136846948.6,18805918.5070712
"963",2020-05-20,209.98,-0.0216703411218058,143704806.2,22065529.9217654
"964",2020-05-21,198.74,-0.0550148502835777,203445711,30749582.4363894
"965",2020-05-22,207.36,0.0424589753606925,159972608.5,20828708.9739782
"966",2020-05-23,206.6,-0.00367185647837154,99461068.1,11889918.372395
"967",2020-05-24,199.9,-0.0329673151791834,138917619.2,14763841.5530859
"968",2020-05-25,204.15,0.02103777625923,95411610.8,13313515.2919793
"969",2020-05-26,200.89,-0.0160975231915268,96116808.86,19368010.6279099
"970",2020-05-27,208.29,0.0361738448592339,101445351,17640149.9462377
"971",2020-05-28,220.21,0.0556502970848092,136361627.3,21006103.7351346
"972",2020-05-29,220.67,0.00208673637688861,133220045.5,28715166.8751408
"973",2020-05-30,243.66,0.0991054380312715,238678839.8,38680386.0169549
"974",2020-05-31,231.57,-0.0508916072963892,194867426.3,27837681.9167187
"975",2020-06-01,248.23,0.0694735321023279,198791911.8,27681990.7971514
"976",2020-06-02,237.71,-0.0433042924150344,230680327.3,43015061.1953427
"977",2020-06-03,244.52,0.0282456618433597,120179301.2,17927442.6445485
"978",2020-06-04,243.21,-0.00537183749279979,162460397.6,36660507.1200395
"979",2020-06-05,240.03,-0.0131613521375833,122084004.5,65469423.6223372
"980",2020-06-06,241.94,0.00792584600156054,93979350.81,10599223.5766613
"981",2020-06-07,244.56,0.0107709160508769,137165732.6,18642518.875697
"982",2020-06-08,246.4,0.00749555407678493,93355224.97,17879564.6460276
"983",2020-06-09,243.8,-0.0106080146121927,102374504.6,17246078.0592169
"984",2020-06-10,247.78,0.016193038640421,105797248.2,28274995.0318978
"985",2020-06-11,230.51,-0.0722470102440065,195063781.3,35260900.5864747
"986",2020-06-12,237.55,0.0300838821893441,105069425.1,20485381.7053383
"987",2020-06-13,238.11,0.00235462413796395,60087772.65,9821623.1838463
"988",2020-06-14,231.77,-0.0269872511564255,71575514.08,15343906.9264248
"989",2020-06-15,230.86,-0.00393403442770257,197907504.8,31956918.3638749
"990",2020-06-16,235.3,0.0190498295465504,116456364.2,19845230.4953833
"991",2020-06-17,233.82,-0.00630970715464407,111415059.1,19168673.7502384
"992",2020-06-18,231.27,-0.0109657294393921,77542070.33,17530919.4384924
"993",2020-06-19,229,-0.00986385558504033,91117706.16,13817911.0591471
"994",2020-06-20,228.89,-0.000480464749682774,69343699.91,10620221.7841487
"995",2020-06-21,228.04,-0.00372048664117575,58868166.51,10225640.4720704
"996",2020-06-22,243.13,0.0640752275505605,178707156.2,36867321.8038272
"997",2020-06-23,243.14,4.11294137059315e-05,107457002.5,20542367.3197094
"998",2020-06-24,234.58,-0.0358407280342892,220763040.4,31247976.4655537
"999",2020-06-25,232.5,-0.00890645606594731,142697463.4,21685445.8768544
"1000",2020-06-26,229.64,-0.0123773597279753,144805505.2,21838531.481424
"1001",2020-06-27,220.94,-0.0386216938553074,145264632.3,23791477.0616164
"1002",2020-06-28,224.93,0.0178980712440788,99423540.14,15899302.778639
"1003",2020-06-29,227.93,0.0132493215828386,134510531.2,19218484.0052246
"1004",2020-06-30,225.6,-0.010275044647142,93802207.27,14152414.1186901
"1005",2020-07-01,230.99,0.0236108999175588,118322932.9,23485538.1053814
"1006",2020-07-02,226.46,-0.0198060906555693,134976975.1,20473369.6757355
"1007",2020-07-03,224.87,-0.00704587143715241,71286978.5,18660006.2898323
"1008",2020-07-04,229.17,0.0189416287726365,69899468.28,14694330.3685986
"1009",2020-07-05,227.56,-0.00705014633893075,80528660.62,11788172.5077742
"1010",2020-07-06,241.6,0.059869526178213,203334727.9,31175587.6388065
"1011",2020-07-07,239.39,-0.00918944490362605,143122828.4,24634197.3382299
"1012",2020-07-08,246.95,0.0310918658296,233460700.8,65902726.7741958
"1013",2020-07-09,241.98,-0.0203308088733021,157541370,24079317.7654088
"1014",2020-07-10,241.26,-0.00297988797609428,108806462.5,16072822.5101039
"1015",2020-07-11,239.19,-0.00861697495472402,70548557.68,12712735.5606865
"1016",2020-07-12,242.79,0.0149386569932064,112487552.4,17144812.9797277
"1017",2020-07-13,239.5,-0.0136434553247504,146193291.9,36603739.5600479
"1018",2020-07-14,240.44,0.00391716131999154,102105027.1,19104272.3077576
"1019",2020-07-15,238.61,-0.00764015823702735,88059682.48,19105441.2966813
"1020",2020-07-16,233.57,-0.0213486018845481,137208323.2,26510314.3012306
"1021",2020-07-17,232.67,-0.00386067741018348,75931058.42,19388134.0543218
"1022",2020-07-18,235.67,0.0128113807608017,80046747.83,18958112.5328477
"1023",2020-07-19,239.11,0.0144911756945065,82120072.99,18728061.4597643
"1024",2020-07-20,236.01,-0.0130495200852492,94314378.94,54076186.7658445
"1025",2020-07-21,245.59,0.0397893018224043,154502240.9,42638713.6179384
"1026",2020-07-22,263.74,0.0713002905478879,180692677.2,48733961.8930057
"1027",2020-07-23,275.3,0.0428976427690086,287217202.7,79233214.163432
"1028",2020-07-24,279.15,0.0138878596078076,256347245.5,49339651.7895546
"1029",2020-07-25,305.26,0.0894146007306063,308799629.4,63231887.1260928
"1030",2020-07-26,311,0.0186290396922582,392346895.3,84809685.0375551
"1031",2020-07-27,321.93,0.0345412184279121,527292799.3,101818210.528796
"1032",2020-07-28,316.77,-0.0161581721206137,346187853.3,56057239.9525231
"1033",2020-07-29,317.71,0.00296305852901391,254201662.1,38111122.5429351
"1034",2020-07-30,334.87,0.0526033797933767,328286452.5,63460383.5431952
"1035",2020-07-31,346.33,0.0336496809368017,323282981,63756166.7857415
"1036",2020-08-01,387,0.111032615284057,527543444.9,73305061.7982151
"1037",2020-08-02,372.42,-0.0384024433761656,878397036.3,90452737.2861771
"1038",2020-08-03,385.94,0.0356596673145937,462170587.5,73343066.110474
"1039",2020-08-04,389.61,0.00946432182189838,461794422.2,71480825.2446547
"1040",2020-08-05,400.72,0.0281166902592531,444335097.1,60930703.7049516
"1041",2020-08-06,394.77,-0.0149596122192026,325718417.7,49947373.896292
"1042",2020-08-07,379.34,-0.0398704162739829,398625567.1,75592059.3695798
"1043",2020-08-08,397.03,0.0455789440266212,240999198,36715463.1761115
"1044",2020-08-09,390.14,-0.0175061955160105,233057462.9,52790815.0799255
"1045",2020-08-10,395.44,0.0134934199319172,326372434.9,66018174.4261547
"1046",2020-08-11,379,-0.0424628639162776,381981614.6,73390789.5379879
"1047",2020-08-12,387.18,0.0213534960933774,285872467.6,61958879.5083607
"1048",2020-08-13,424.54,0.0921165286404939,604810975.1,133609163.366635
"1049",2020-08-14,438.11,0.0314637905818991,477180580.1,120833689.142181
"1050",2020-08-15,432.32,-0.0133039656263625,296652970.5,50237165.284043
"1051",2020-08-16,433.62,0.0030025197511101,305445885.8,50968886.2303356
"1052",2020-08-17,430.89,-0.00631573741110358,375038999.5,78915139.794763
"1053",2020-08-18,421.95,-0.0209660135078655,316635287,70857853.7917434
"1054",2020-08-19,407.46,-0.0349440552502198,400208683.3,70699597.6591016
"1055",2020-08-20,415.94,0.0205982507360192,273292342.2,59472312.2649914
"1056",2020-08-21,387.97,-0.0696130020434431,347455883.5,61040084.1004307
"1057",2020-08-22,395.24,0.0185651582804303,250069873.4,55244295.2415063
"1058",2020-08-23,390.71,-0.0115275785075424,173799978,28253197.5320836
"1059",2020-08-24,407.68,0.0425169561245244,287991794.2,62827374.5141731
"1060",2020-08-25,382.93,-0.0626303480911563,375681480.2,71094455.786476
"1061",2020-08-26,385.81,0.00749281544900882,284504413.1,49638981.4476154
"1062",2020-08-27,383.27,-0.00660531865361147,336647752.3,45538911.62289
"1063",2020-08-28,395.11,0.0304245054971553,286555002,95175928.0330383
"1064",2020-08-29,398.65,0.00891963180336397,263787683,62060949.3572243
"1065",2020-08-30,428.94,0.0732332100583113,370467271.1,90910792.8356025
"1066",2020-08-31,433.79,0.0112434970225141,447866996.2,131261730.502745
"1067",2020-09-01,475.4,0.0915960088967642,813662129.7,155823902.556087
"1068",2020-09-02,439.5,-0.0785188378008623,844475154.7,149733580.865229
"1069",2020-09-03,381.4,-0.141789023958912,995567239,135438151.227356
"1070",2020-09-04,385.26,0.0100697378676928,696658932.1,134926930.061108
"1071",2020-09-05,335.01,-0.139758048908202,967730464.9,146665848.908688
"1072",2020-09-06,352.8,0.051740942006826,691925087.4,86748514.9101418
"1073",2020-09-07,353.59,0.00223672568796385,596754172.7,80125544.1955042
"1074",2020-09-08,337.39,-0.04689851855934,476444912.5,77498076.7521651
"1075",2020-09-09,350.85,0.0391192504370377,304910633.8,55655916.2022199
"1076",2020-09-10,367.93,0.047533920985706,416598205.7,113811240.241516
"1077",2020-09-11,373.63,0.0153733002326959,308822715.1,80804484.9603007
"1078",2020-09-12,387.78,0.037172165586159,287133871.2,74088571.4017987
"1079",2020-09-13,366.42,-0.0566579520397603,367969518.5,82066366.7938191
"1080",2020-09-14,377.12,0.0287832227247229,387238794.7,90429446.6356834
"1081",2020-09-15,364.06,-0.0352447499700688,328317009.6,87565507.5492885
"1082",2020-09-16,365.11,0.00287998882497753,306622238.1,67078929.8917994
"1083",2020-09-17,389.36,0.0643056874824692,479026710.9,94339754.8625961
"1084",2020-09-18,384.39,-0.0128467033356046,308748579.8,98491927.2312812
"1085",2020-09-19,385.25,0.0022348120106308,218785730.1,60722929.3919071
"1086",2020-09-20,371.04,-0.0375826006930042,259700927.5,67913565.068791
"1087",2020-09-21,340.36,-0.0863059925258645,452134893.6,101705441.940682
"1088",2020-09-22,344.21,0.0112480552502907,288166815.5,67904127.5398143
"1089",2020-09-23,320.72,-0.0706834678973962,313808761.1,66137385.0728136
"1090",2020-09-24,348.97,0.0844174902880264,360708689.4,68141753.410024
"1091",2020-09-25,351.92,0.00841791841818651,298266918.8,64232992.9410151
"1092",2020-09-26,353.92,0.00566702185345136,186812160.4,42519390.7173573
"1093",2020-09-27,357.49,0.0100364908209505,202411362.7,41839606.4912145
"1094",2020-09-28,353.96,-0.00992347731571641,273063157.8,46960582.8342591
"1095",2020-09-29,359.79,0.0163366155125901,208028826.5,46738441.6401846
"1096",2020-09-30,359.83,0.000111169784166698,177784824.5,39717754.2968749
"1097",2020-10-01,352.85,-0.0195886602490667,271468849.8,65717628.5381115
"1098",2020-10-02,345.6,-0.0207610005169387,251829017.5,50118302.3131016
"1099",2020-10-03,345.95,0.00101221901491932,105401893.4,33900601.5396098
"1100",2020-10-04,352.37,0.01838750395991,119961274.7,27750357.7313184
"1101",2020-10-05,353.62,0.00354113034521308,132656713,32972998.8738957
"1102",2020-10-06,340.75,-0.0370738196733011,221765553.6,44014503.8770048
"1103",2020-10-07,341.58,0.00243284161440283,183873686.4,47340714.2777444
"1104",2020-10-08,350.95,0.027061850985385,217322067,40457354.8826156
"1105",2020-10-09,365.02,0.0393083834254444,232878561.9,48263670.6383945
"1106",2020-10-10,370.52,0.0149552777839519,220607973,46022749.1885229
"1107",2020-10-11,374.16,0.0097760890318046,139329772.5,27847207.2017645
"1108",2020-10-12,386.51,0.0324742274963556,320587055.5,63086715.2554292
"1109",2020-10-13,381.04,-0.0142533844213819,246276552,42155570.8706113
"1110",2020-10-14,378.69,-0.00618642805972502,216288027,41364895.835725
"1111",2020-10-15,377.64,-0.00277656756856359,238396852.8,31836375.5314773
"1112",2020-10-16,365.5,-0.0326750816744825,241127894.7,49858186.1392054
"1113",2020-10-17,368.32,0.00768584634368441,104838880.5,23635064.3036401
"1114",2020-10-18,378.11,0.0262330330432476,120818450.6,22117696.5250781
"1115",2020-10-19,379.3,0.00314229011808731,218372640,41822018.1832933
"1116",2020-10-20,368.52,-0.0288324644541218,229928443.8,41197203.8639063
"1117",2020-10-21,390.38,0.0576256394777337,472488832.7,94623649.1271185
"1118",2020-10-22,413.98,0.0586970397611797,447211002.5,101693698.577373
"1119",2020-10-23,409.11,-0.011833594941792,299943190.9,64556130.1593533
"1120",2020-10-24,412.14,0.00737902891599251,172799824.6,25774293.3631971
"1121",2020-10-25,405.86,-0.0153548249050219,170054743.3,30690640.7906508
"1122",2020-10-26,392.52,-0.0334207812105305,356208480.6,58782430.6605086
"1123",2020-10-27,403.45,0.0274650729562227,302522886.8,70085062.9000737
"1124",2020-10-28,388.23,-0.0384546167928272,335751199.3,61764666.322457
"1125",2020-10-29,387.13,-0.00283739356683377,222669504.9,35243419.179166
"1126",2020-10-30,382.49,-0.0120580448008685,294342546,47888955.9337503
"1127",2020-10-31,386.46,0.0103258606528689,181136851.5,28839441.6832557
"1128",2020-11-01,396.67,0.0260763309766476,171238317.7,32195661.5981236
"1129",2020-11-02,383.02,-0.0350174936250891,304223545.9,76785787.803706
"1130",2020-11-03,387.88,0.0126088062979326,286291774,77516142.2994488
"1131",2020-11-04,402.49,0.0369742383931406,454481208.4,31071212.2622935
"1132",2020-11-05,416.69,0.0346722882308095,601591250.4,167681703.624084
"1133",2020-11-06,455.91,0.0899528815533275,736015135.6,157851887.738441
"1134",2020-11-07,435.21,-0.0464667483947032,743871175.8,138945924.746843
"1135",2020-11-08,454.3,0.0429290995464378,375679148.2,48337638.8268409
"1136",2020-11-09,444.32,-0.0222127492068687,491928165,49162774.1799676
"1137",2020-11-10,450.34,0.0134578294730243,388190148.2,74997842.5671885
"1138",2020-11-11,463.09,0.0279185666137556,559228791.9,81410882.0874621
"1139",2020-11-12,462.39,-0.00151272881853082,455971309.2,68774700.7873709
"1140",2020-11-13,476.43,0.0299121169639269,456232937.2,84384826.6426544
"1141",2020-11-14,460.89,-0.0331614049799871,340142257.2,80764816.3064482
"1142",2020-11-15,448.08,-0.0281876149091014,301406126.5,39665294.5096274
"1143",2020-11-16,460.55,0.0274496395326675,370889706.7,90668803.0372922
"1144",2020-11-17,482.15,0.0458338415221489,544239665.4,117084581.291983
"1145",2020-11-18,478.41,-0.00778716352840281,706704397.4,110811920.057718
"1146",2020-11-19,471.25,-0.0150793666657698,387199111.4,75958194.6907234
"1147",2020-11-20,510.12,0.0792572533964782,756660192.9,138924126.36262
"1148",2020-11-21,552.35,0.079535911159585,815402228.5,142319479.50242
"1149",2020-11-22,560.03,0.0138084504045848,1014064539,143219660.62142
"1150",2020-11-23,608.58,0.0831380208930907,1218150934,195722261.658144
"1151",2020-11-24,604.97,-0.00594950459144172,976376501.3,168176754.541093
"1152",2020-11-25,569.5,-0.0604200871372811,716972340.7,108893740.044705
"1153",2020-11-26,519.83,-0.0912569478396854,1386030255,190351432.525799
"1154",2020-11-27,518.68,-0.0022147123668681,558985308.9,108610597.336433
"1155",2020-11-28,537.52,0.0356788459312112,475169074.7,61263829.2732911
"1156",2020-11-29,576.3,0.069662389830726,471629262.2,69110544.9283257
"1157",2020-11-30,616.66,0.0676894600923923,895373784.8,137203218.763987
"1158",2020-12-01,585.26,-0.0522616255948893,1300668283,140931874.259801
"1159",2020-12-02,596.89,0.0196766488691482,632858653.2,90244806.611853
"1160",2020-12-03,615.85,0.0312705855782216,568024618.9,97315633.247261
"1161",2020-12-04,567.24,-0.0822209327943479,624543865.9,77862021.1874434
"1162",2020-12-05,596.8,0.0507995542964057,410382624.7,71044672.6518741
"1163",2020-12-06,601.54,0.00791098472975538,359236400.3,72090991.6362536
"1164",2020-12-07,591.28,-0.0172033551426747,295598087,62865633.7770822
"1165",2020-12-08,554.94,-0.0634296786824073,461781203.2,69717106.6013543
"1166",2020-12-09,573.09,0.0321827726494464,555142155.9,122548724.847912
"1167",2020-12-10,558.99,-0.0249111885362394,341352126.3,75348660.5475606
"1168",2020-12-11,544.43,-0.0263922081091206,419607430.4,84877820.9656828
"1169",2020-12-12,568.04,0.0424524629785017,320867352.5,50142746.0604165
"1170",2020-12-13,590.7,0.0391164355363776,383072560.3,59721915.8335611
"1171",2020-12-14,586.29,-0.00749372660309433,288110224,45845322.7804224
"1172",2020-12-15,588.64,0.00400024364636842,334543178.4,76295425.5535713
"1173",2020-12-16,637.18,0.0792373988673143,725009244.4,128957809.492563
"1174",2020-12-17,642.7,0.00862586215346273,1307445033,205485060.800309
"1175",2020-12-18,653.85,0.0171999149752704,646217791.2,116125295.18831
"1176",2020-12-19,658.03,0.00637255563865757,564029933.3,160541478.717926
"1177",2020-12-20,638.18,-0.0306301477765905,533109285.7,74260189.2775974
"1178",2020-12-21,607.58,-0.04913652142708,524208673.9,105543195.848974
"1179",2020-12-22,636.45,0.0464220065289451,563872004.6,147685843.835167
"1180",2020-12-23,585.56,-0.0833372060132325,733443630.4,126747590.465441
"1181",2020-12-24,612.31,0.0446700359107997,519843557,95070492.7351596
"1182",2020-12-25,626.82,0.0234207278634608,494089140.9,68829272.8750228
"1183",2020-12-26,637.44,0.0168007368787073,607664782,95651738.7659052
"1184",2020-12-27,685.11,0.0721192543554317,1247547957,219626751.666163
"1185",2020-12-28,730.41,0.064026611003575,1180438285,222450153.597692
"1186",2020-12-29,732,0.00217449364612587,794643540.5,149954604.287626
"1187",2020-12-30,752.17,0.0271818482697386,743546676.8,130327920.521616
"1188",2020-12-31,736.42,-0.021161754088296,638503822.4,113335360.630336
"1189",2021-01-01,728.91,-0.0102503405456362,496072043.8,135867453.685019
"1190",2021-01-02,774.56,0.0607448585942665,1024472183,140598097.762613
"1191",2021-01-03,978.28,0.233500801436326,2522411860,411293423.998248
"1192",2021-01-04,1041.43,0.0625541200608524,4303634203,589546322.266139
"1193",2021-01-05,1099.56,0.0543153310765598,2857050280,350469379.196661
"1194",2021-01-06,1208.42,0.0944036214214217,2725262121,344164468.245511
"1195",2021-01-07,1224.87,0.0135209947119188,2406219891,312764089.408809
"1196",2021-01-08,1216.93,-0.00650342205327181,2543427453,487123692.946569
"1197",2021-01-09,1276,0.0473988910595446,1780137376,272955149.877131
"1198",2021-01-10,1254.25,-0.017192400540373,2517791852,384102296.121471
"1199",2021-01-11,1087.01,-0.143106976653455,4290593990,459769222.149354
"1200",2021-01-12,1050.16,-0.0344882742157555,2491067093,261716107.98628
"1201",2021-01-13,1129.89,0.0731777493401458,1664178969,191166822.719314
"1202",2021-01-14,1231.62,0.0862100931218448,1825860914,302895110.190884
"1203",2021-01-15,1168.53,-0.05258382736685,2302781119,373942433.268005
"1204",2021-01-16,1227.83,0.0495018350514957,1927453175,263582250.0255
"1205",2021-01-17,1232.45,0.00375567450083647,1606424364,217583557.106715
"1206",2021-01-18,1258.45,0.0208767468063868,1223628041,216713742.277896
"1207",2021-01-19,1365.36,0.0815373251614897,3120980924,607929157.240597
"1208",2021-01-20,1376.99,0.00848182742765857,2931656296,337881284.363389
"1209",2021-01-21,1110.96,-0.214675451147035,2787012515,335424680.637491
"1210",2021-01-22,1232.62,0.103917478869407,2360267831,355069951.854951
"1211",2021-01-23,1233.6,0.000794738548532514,1250575692,170267844.005576
"1212",2021-01-24,1392.51,0.121171150295134,1996765628,354814867.465963
"1213",2021-01-25,1317.88,-0.0550834892277505,2644267237,407079781.988607
"1214",2021-01-26,1365.97,0.0358404140804698,2216751668,316348093.554839
"1215",2021-01-27,1239.03,-0.0975359835458471,2554649901,359188515.605484
"1216",2021-01-28,1329.69,0.0706170169299654,1790490878,304774171.666479
"1217",2021-01-29,1379.5,0.0367752823163041,3077996801,439967727.829766
"1218",2021-01-30,1378.05,-0.00105165827175568,1414231403,247333421.966252
"1219",2021-01-31,1312.55,-0.0486976464073159,1276842260,306198266.039988
"1220",2021-02-01,1374.17,0.0458781024969861,1449463767,289724846.761216
"1221",2021-02-02,1511.87,0.0954973827318524,2821617332,650079504.808669
"1222",2021-02-03,1664.49,0.096171474979772,2418887042,485622388.65604
"1223",2021-02-04,1595.67,-0.0422250594736449,2693099602,403004281.333175
"1224",2021-02-05,1719.19,0.0745595389392379,2011685911,402868915.308907
"1225",2021-02-06,1676.35,-0.0252344388635821,1940057858,354303159.594212
"1226",2021-02-07,1611.62,-0.0393789265214002,2044371589,305222600.452552
"1227",2021-02-08,1750.15,0.0824616142625247,2255426926,386462523.681164
"1228",2021-02-09,1769.13,0.0107864017759116,2080818892,362711445.653547
"1229",2021-02-10,1740.78,-0.0161546116808902,2149076144,470028665.629195
"1230",2021-02-11,1785.62,0.0254324052160735,1301681872,259356081.225351
"1231",2021-02-12,1840.26,0.0301411721272284,1635426868,318335084.507925
"1232",2021-02-13,1814.96,-0.0138434370797329,1395594093,488054294.926502
"1233",2021-02-14,1800.42,-0.00804345788900473,1230043295,239749801.115086
"1234",2021-02-15,1779.25,-0.0118280438202198,1860338372,404370896.23395
"1235",2021-02-16,1781.99,0.0015387901633499,1455884892,313946599.934872
"1236",2021-02-17,1849.88,0.0373900547609587,1437546813,386456633.210642
"1237",2021-02-18,1939.61,0.0473661498164235,1787383532,469028673.295667
"1238",2021-02-19,1955,0.00790327149935344,1533991632,475059264.176183
"1239",2021-02-20,1913,-0.0217175029792136,2493836246,416773317.179676
"1240",2021-02-21,1933.53,0.0106746573905303,1467970937,303829953.904718
"1241",2021-02-22,1777.58,-0.0840944591338246,3200483177,561592133.768178
"1242",2021-02-23,1577.89,-0.11916437721265,3931407908,684446578.035537
"1243",2021-02-24,1623.39,0.0284280439124975,2261264845,290010956.406669
"1244",2021-02-25,1481.75,-0.0912927337288583,1650582277,278516230.946953
"1245",2021-02-26,1444.59,-0.0253982774066017,2004016547,374225044.930382
"1246",2021-02-27,1458.13,0.00932924856976403,1375946816,179963184.731212
"1247",2021-02-28,1419.18,-0.0270755528215432,1929140047,307707227.719282
